"path","file_name","extension","folder","domain","kind","size_bytes","status","priority","title","sha256"
".gitignore",".gitignore","",".","Other","other","155","active","P3","APIs externas montadas para Docker. Cada una tiene su propio repositorio Git.","0fb06e386a04afff7f5a61b214f910ef110da7dd519535b773b768624b003c91"
"00_audit/00_full_repository_map.md","00_full_repository_map.md",".md","00_audit","Audit","markdown","2811","active","P3","Mapa documental","537e8ff0ba37b7db26e9ebdf29abeecc081754fe9c9d4b253b1f9597d8a6aa62"
"00_audit/00_inventory.md","00_inventory.md",".md","00_audit","Audit","markdown","1783","active","P3","Inventario documental","21c6da5436faece7286da2d08404382d3e48085bfd4c357fdf0f3bcd3a0053ea"
"00_audit/01_consistency_matrix.md","01_consistency_matrix.md",".md","00_audit","Audit","markdown","2283","active","P3","Matriz de consistencia documental","7f716fe5cf97bc0eceab57e70cb80926dcc1cc6b21d4c7a453fc3d7fb180b9c4"
"00_audit/02_missing_documents.md","02_missing_documents.md",".md","00_audit","Audit","markdown","4478","active","P3","Documentos faltantes detectados","dee83d0dd850616f8e2bcd3f35fa1c7748ce2c9de34dc090829f52eed3420797"
"00_audit/03_inconsistencies.md","03_inconsistencies.md",".md","00_audit","Audit","markdown","2012","active","P3","Inconsistencias","259f4196e8e4a5d9938638c9326d5d326ab2524e7be0f4c8c21b9af769f5ee06"
"00_audit/04_document_status.md","04_document_status.md",".md","00_audit","Audit","markdown","1731","active","P3","Estado documental","1144899bd84c40e90fe5fc9cf1291d625b9b3deae2f2c61c7256ea835ab248c6"
"00_audit/05_global_dictionary.md","05_global_dictionary.md",".md","00_audit","Audit","markdown","2792","active","P3","Diccionario global","c77e46460091ee1ade7d9a07b887ca8fc33d2519e21a569128f4224578bddcc5"
"00_audit/07_recommended_documentation_strategy.md","07_recommended_documentation_strategy.md",".md","00_audit","Audit","markdown","1856","archive_reference","P3","Estrategia recomendada de documentacion","caa3ca5c8d816a074044c3ac9e0fcfd854ead5b4fd0d5bc326ca72355726012f"
"00_audit/08_new_architecture_review.md","08_new_architecture_review.md",".md","00_audit","Audit","markdown","4869","active","P3","Revision nueva arquitectura Tecno Telec + JobCron","b112d869124ed3cf39c6000faebaada52121841d70dbb997028e62d794d95dea"
"00_audit/09_api_routes_inventory.md","09_api_routes_inventory.md",".md","00_audit","Audit","markdown","4301","active","P3","Inventario actual de rutas API","64ce74f01883de659b7f4ed159bd6464fc99dec54a564bd7dabc923fc3a537bf"
"00_audit/99_final_review.md","99_final_review.md",".md","00_audit","Audit","markdown","3329","archive_reference","P3","Revision final documental","7e97207097796e249e0e7a901e6e764b0cf2e3cb142d8bd7c45d1c561ac7015b"
"01_core_erp/apis/00_api_index.md","00_api_index.md",".md","01_core_erp/apis","Core","markdown","1811","active","P1","Indice de APIs","e26f1dfc9269cb8e1dc6289c477773d3f5497df864c376cde044e547c63510a6"
"01_core_erp/apis/01_auth_api.md","01_auth_api.md",".md","01_core_erp/apis","Core","markdown","12362","active","P1","Auth API","bee64be670801bc6b75e801cc86e0be6d25c9d7c52da1298bdbb22a83f46c603"
"01_core_erp/apis/02_catalog_api.md","02_catalog_api.md",".md","01_core_erp/apis","Core","markdown","364","active","P1","Catalog API","fbe8d4dd36a38f8c674f0b0e914a9ed2a56f56e18aa32fbb6a7d3185aa120774"
"01_core_erp/apis/03_supplier_api.md","03_supplier_api.md",".md","01_core_erp/apis","Core","markdown","460","active","P1","Supplier API","d47dc90fa2c613d8c134634b26e5bbcc205de0df7b6051c7cf81c89d973a46a6"
"01_core_erp/apis/04_pricing_api.md","04_pricing_api.md",".md","01_core_erp/apis","Core","markdown","2447","active","P1","Pricing API","488614822f4fc2db052bce88c154a55da95fbe4051822dca119703842952576f"
"01_core_erp/apis/05_quote_api.md","05_quote_api.md",".md","01_core_erp/apis","Core","markdown","366","active","P1","Quote API","92db4154ffed4e04643204b7a8ec213bd472c85b10c5ae3800f09232f0be8767"
"01_core_erp/apis/06_sales_api.md","06_sales_api.md",".md","01_core_erp/apis","Core","markdown","334","active","P1","Sales API","1daedc38146c95c0fdaf96256d77b102d37218e7204b469cc7100e17e103dd87"
"01_core_erp/apis/07_logistics_api.md","07_logistics_api.md",".md","01_core_erp/apis","Core","markdown","253","active","P1","Logistics API","358689ca2dcb1d20b30563dd537c396b6487ace0a13a5ae58979261ca9108803"
"01_core_erp/apis/08_rules_engine_api.md","08_rules_engine_api.md",".md","01_core_erp/apis","Core","markdown","588","active","P1","Rules Engine API","1c0c436e0c3af6103dd1f5457d5d7e0dfb05aff1c1b674a02d583a90ade91d8b"
"01_core_erp/apis/09_gateway_api.md","09_gateway_api.md",".md","01_core_erp/apis","Core","markdown","1070","active","P1","Tecno Telec Gateway API","8fc6cd9a8c06b23fce13dcee26ae58d8e17a631ad56d1b250f832f72efe66bf3"
"01_core_erp/apis/10_cart_api.md","10_cart_api.md",".md","01_core_erp/apis","Core","markdown","865","active","P1","Cart API","7d9c2336f8cf883b4ecf5b6b1a0510fea37ff682768da4ec91993370203acfc6"
"01_core_erp/apis/10_tecnotelec_api.md","10_tecnotelec_api.md",".md","01_core_erp/apis","Core","markdown","695","active","P1","Tecno Telec API","e94bf912fffcd6614eb943f6a17a05511a315a475f717650ccaa95b52c1a3384"
"01_core_erp/apis/11_pos_api.md","11_pos_api.md",".md","01_core_erp/apis","Core","markdown","724","active","P1","POS API","4b588ff448e8dcf719152026ebce88e62210a6e2ae3f1c177605e2601255c33b"
"01_core_erp/apis/12_government_tender_api.md","12_government_tender_api.md",".md","01_core_erp/apis","Core","markdown","1531","active","P1","GovernmentTender API","0bebcbb10d8a7704df6de1d077897aef1631a899a1469004f59ee22ab21f32d5"
"01_core_erp/apis/13_billing_api.md","13_billing_api.md",".md","01_core_erp/apis","Core","markdown","756","active","P1","Billing API","9ff1c73361f76928e2e854fdd7e945f706c7c86f493b31294b901b429ab79b8b"
"01_core_erp/apis/14_notifications_api.md","14_notifications_api.md",".md","01_core_erp/apis","Core","markdown","652","active","P1","Notifications API","d41c3372deec9274bdc32452192a8fbfb0bd26cd3ac1ae61bc1c1528cfbff682"
"01_core_erp/apis/15_documents_api.md","15_documents_api.md",".md","01_core_erp/apis","Core","markdown","995","active","P1","Documents API","2b5eb967162c90585e687075e4d38a31ff0d5de7cfe0e3dd7abe933e35138dd9"
"01_core_erp/architecture/00_general_architecture.md","00_general_architecture.md",".md","01_core_erp/architecture","Core","markdown","1210","active","P1","Arquitectura general","5f998ef16817f13d161296fa15d19bbdfbe9086b5b2db5e51c84ff2ed45d49c3"
"01_core_erp/architecture/01_project_communication.md","01_project_communication.md",".md","01_core_erp/architecture","Core","markdown","1153","active","P1","Comunicacion entre proyectos","827253f92b0e4399320161e69e53e1f40b8bd23ced7db21a927bd789aed43d8e"
"01_core_erp/architecture/02_api_gateway.md","02_api_gateway.md",".md","01_core_erp/architecture","Core","markdown","1276","active","P1","API Gateway","05742f9be81e1502b02240bd6f0e7bd8a39b9364a854aa2b2961fdc32d4505b4"
"01_core_erp/architecture/03_bff_strategy.md","03_bff_strategy.md",".md","01_core_erp/architecture","Core","markdown","792","active","P1","Estrategia BFF","8831ea4911e06870bf292fd5144f6577823d9611c6025d000b9550a0b1bbc57c"
"01_core_erp/architecture/04_security.md","04_security.md",".md","01_core_erp/architecture","Core","markdown","1802","active","P1","Seguridad","2c32bab1ea909bc2a0ecbb84cfa2791e4fceb00947c60591f6c9c74d076f105c"
"01_core_erp/architecture/05_future_microservices_split.md","05_future_microservices_split.md",".md","01_core_erp/architecture","Core","markdown","529","future_or_pending","P2","Separacion futura de microservicios","6710758b07f3959d9d3f72d32d97f3d15f56160e2b55a41fa29606f25b7fb165"
"01_core_erp/architecture/06_general_system_diagram.md","06_general_system_diagram.md",".md","01_core_erp/architecture","Core","markdown","1425","active","P1","Diagrama general del sistema ERP","609aa97da1dbe9f5b1a80c358b0b8ce5ee78e44ff8e8a616abaf026e6640a58a"
"01_core_erp/architecture/07_project_api_pattern.md","07_project_api_pattern.md",".md","01_core_erp/architecture","Core","markdown","3683","active","P1","Patron de consumo de APIs por proyecto","05cef7f61a9cbcf77c3107032e3f87b0be69fbe89aa468aab4a244b2b02d487b"
"01_core_erp/architecture/08_data_isolation_and_reference_tables.md","08_data_isolation_and_reference_tables.md",".md","01_core_erp/architecture","Core","markdown","3721","future_or_pending","P2","Aislamiento de datos y tablas referenciadas","8cab365e6c3b6cf7239144f3e822e442818e4f46d243b3576d5bddf87238d636"
"01_core_erp/architecture/09_tecnotelec_gateway_corrected_pattern.md","09_tecnotelec_gateway_corrected_pattern.md",".md","01_core_erp/architecture","Core","markdown","2227","active","P1","Patron corregido TecnoTelec Gateway","9653c43919c3e591783d2caf5a5da52f982a6d55f7c29cab1b29ee722915b116"
"01_core_erp/architecture/events/event-catalog.md","event-catalog.md",".md","01_core_erp/architecture/events","Core","markdown","662","active","P1","Catalogo de eventos","45ddca8b755cacfd0466c129b18afec3a110ff2e1f4ed0d565c94b9d575179c2"
"01_core_erp/architecture/events/event-driven-architecture.md","event-driven-architecture.md",".md","01_core_erp/architecture/events","Core","markdown","451","active","P1","Arquitectura de eventos","8753834f077552ae8e8a92f4430ca735ca4969aa9357c86a4e3245a36307443b"
"01_core_erp/architecture/events/event-naming.md","event-naming.md",".md","01_core_erp/architecture/events","Core","markdown","315","active","P1","Naming de eventos","921ed849432b19a4bd76961e878060713fdd5feb4a1630729ab3077530716484"
"01_core_erp/architecture/events/event-payloads.md","event-payloads.md",".md","01_core_erp/architecture/events","Core","markdown","327","active","P1","Payloads de eventos","7fc7fbf47d7622c80fedef70a52e3e9a95918f38f9b4c14f6d81884ce9c44d14"
"01_core_erp/architecture/scheduling/job-dependencies.md","job-dependencies.md",".md","01_core_erp/architecture/scheduling","Core","markdown","445","future_or_pending","P2","Dependencias de jobs","86c8b18347f5279d3c787b0a4a0653ad43cd40b2ecca6d8883b14132037361d2"
"01_core_erp/architecture/scheduling/scheduler-architecture.md","scheduler-architecture.md",".md","01_core_erp/architecture/scheduling","Core","markdown","524","active","P1","Arquitectura de scheduler","772b094eb54f7d72c3fef20f9fa08ed0bcd3d6736b3031787d9c75576fdf760b"
"01_core_erp/architecture/scheduling/scheduler-rules.md","scheduler-rules.md",".md","01_core_erp/architecture/scheduling","Core","markdown","295","active","P1","Reglas de scheduler","7f314b037ff1ca23022dd49dd4bd8ed5d821e9fff6ca046929c06e389b7b3f3b"
"01_core_erp/auth/devices.md","devices.md",".md","01_core_erp/auth","Core","markdown","182","active","P1","Dispositivos","a1a28fa967157c3d0190c5ab8db9401f0329c6c79215ef5c960e341e70ebb716"
"01_core_erp/auth/permissions.md","permissions.md",".md","01_core_erp/auth","Core","markdown","310","active","P1","Permisos","0063334032a63a282571dc7e13c145592fef9054a5c3636ae8bcc42d437efd36"
"01_core_erp/auth/README.md","README.md",".md","01_core_erp/auth","Core","markdown","293","active","P1","Auth Core","fd3fc7edee311c2dc019407977864212a8ba57e298b00f1032d3d91136ed1564"
"01_core_erp/auth/roles.md","roles.md",".md","01_core_erp/auth","Core","markdown","280","active","P1","Roles","ce3b12cab760bad837bb4c39a08cf2aa568ecf9f08529347f5d14af3bfe225fb"
"01_core_erp/auth/security-policies.md","security-policies.md",".md","01_core_erp/auth","Core","markdown","218","active","P1","Politicas de seguridad Auth","d9f9789958223a6730a3526a838d9b21674d8bff8a1fd4b64b82f5f52ecd0b6b"
"01_core_erp/auth/sessions.md","sessions.md",".md","01_core_erp/auth","Core","markdown","225","active","P1","Sesiones","0b93c15d802149600366f5ea0231881fd1c1f1e18d39f626cd722a6ec84040ba"
"01_core_erp/auth/tokens.md","tokens.md",".md","01_core_erp/auth","Core","markdown","156","active","P1","Tokens","dc410e8dd32036e325c5b83f5670094f8ff9f3cf7c9ccd2d0918cd00d6f78dab"
"01_core_erp/database/00_database_overview.md","00_database_overview.md",".md","01_core_erp/database","Core","markdown","1116","future_or_pending","P2","Panorama de base de datos","280688a3d99d0ddbb68b11d7022ee848564ce8912c0f2b27640e7dd783aa4ab3"
"01_core_erp/database/01_schemas.md","01_schemas.md",".md","01_core_erp/database","Core","markdown","3310","active","P1","Schemas","58eb4a489c32884a498d15a3d60dbc2d5b44e5990c25816bd0130600a6d26e4d"
"01_core_erp/database/02_entities.md","02_entities.md",".md","01_core_erp/database","Core","markdown","1667","active","P1","Entidades oficiales","993733034ab61a2eb45e4ef411f5ee37c0c5fff1e507d1ee9a9e66e912c6e8c7"
"01_core_erp/database/03_relationships.md","03_relationships.md",".md","01_core_erp/database","Core","markdown","1328","active","P1","Relaciones","769d10d7dd4db782b86ec61a589edba2f5574a47cc7fa001c1c01c5cb9ce7fd0"
"01_core_erp/database/04_catalog_model.md","04_catalog_model.md",".md","01_core_erp/database","Core","markdown","271","future_or_pending","P2","Modelo Catalog","2ea17fd666eeebb9b84492a07d0b66aab36a9d08a0de669a6811d034c72246ff"
"01_core_erp/database/05_supplier_model.md","05_supplier_model.md",".md","01_core_erp/database","Core","markdown","266","active","P1","Modelo Supplier","341727860860779402b8929e3e51409d8680373eb00b4e7bd6d5babcde80787b"
"01_core_erp/database/06_pricing_model.md","06_pricing_model.md",".md","01_core_erp/database","Core","markdown","2531","active","P1","Modelo Pricing","50b6a8c75b40ef0545e80e2ec8e0aadd9a1c621999c875640003027467246f12"
"01_core_erp/database/07_sales_model.md","07_sales_model.md",".md","01_core_erp/database","Core","markdown","200","future_or_pending","P2","Modelo Sales","96f3a450094652f8ab8bd4cee5a03a0fb3db5644161e0055c2c3d5206e453f65"
"01_core_erp/database/08_quotes_model.md","08_quotes_model.md",".md","01_core_erp/database","Core","markdown","258","active","P1","Modelo Quote","b7470d3808bebb3812f7d1ab56beb3e8833efa49703c64aa9ab585dc06f8b6db"
"01_core_erp/database/09_cart_model.md","09_cart_model.md",".md","01_core_erp/database","Core","markdown","372","active","P1","Modelo de datos: Cart","9910c9009d73e82235e368925331081c3564eec081e3a0777bf650c0d4ca3a81"
"01_core_erp/database/10_pos_model.md","10_pos_model.md",".md","01_core_erp/database","Core","markdown","343","active","P1","Modelo de datos: POS","3993095c781a369cb89c2869f6907d3ecfd75fc568b61df3b27e328dba048e06"
"01_core_erp/database/11_rules_model.md","11_rules_model.md",".md","01_core_erp/database","Core","markdown","468","active","P1","Modelo de datos: Rules","f905a75e3b879064dfc66a0debafadf5e7de56893f4eb9dd61f793126fdb5aea"
"01_core_erp/database/12_billing_model.md","12_billing_model.md",".md","01_core_erp/database","Core","markdown","345","active","P1","Modelo de datos: Billing","53815c899e7373bc9b2be9fc0d416337065ce13aee377871f651d8096e45827f"
"01_core_erp/database/13_government_tender_model.md","13_government_tender_model.md",".md","01_core_erp/database","Core","markdown","686","active","P1","Modelo de datos: GovernmentTender","1589c8401d7644702ba6e30f831d7df51dce9458682642d7dd8347bc2885947e"
"01_core_erp/database/14_documents_model.md","14_documents_model.md",".md","01_core_erp/database","Core","markdown","518","active","P1","Modelo de datos: Documents","91f2647ae2db54310b2789189029767a055c57a3e807dab8c00790ff2bdf70e7"
"01_core_erp/database/15_channel_assortment_model.md","15_channel_assortment_model.md",".md","01_core_erp/database","Core","markdown","609","active","P1","Modelo de datos: ChannelAssortment","22faa7f1556f57d05cd6d2eebdeaf0c241c0d9fea251d403006cb858e1f3e493"
"01_core_erp/database/16_product_compatibility_model.md","16_product_compatibility_model.md",".md","01_core_erp/database","Core","markdown","779","active","P1","Modelo de datos: ProductCompatibility","c7f828a5da99d727f5597faeca209f251f03b0279537304fe927f0744bffe565"
"01_core_erp/database/17_sql_server_table_publication.md","17_sql_server_table_publication.md",".md","01_core_erp/database","Core","markdown","1825","active","P1","Publicacion de nombres de tablas estilo SQL Server","86381efee70c3a5a4e053d9213741f32aa2267e10f9e8c6389e7139fa85d3a57"
"01_core_erp/erp/00_erp_vision.md","00_erp_vision.md",".md","01_core_erp/erp","Core","markdown","872","active","P1","Vision ERP","f5c7e067f1c5a9e0d37a88d73d3c9365323e5393089b08e1c9584fb2373ad3c3"
"01_core_erp/erp/01_modules.md","01_modules.md",".md","01_core_erp/erp","Core","markdown","2331","active","P1","Modulos ERP","aef922f15333fc5de9c9cbc8e06135ba1e0eab169820ccabc230ad364afbb923"
"01_core_erp/erp/02_rules_engine.md","02_rules_engine.md",".md","01_core_erp/erp","Core","markdown","1326","active","P1","Rules Engine","30e4cc2a6ea6f528283ac95181da7939acf3e74b6450eb10f186e54ad53c7f2c"
"01_core_erp/erp/03_quote_engine.md","03_quote_engine.md",".md","01_core_erp/erp","Core","markdown","702","active","P1","Motor de cotizacion","5a0ef4d037f418fac1eb01b3bdd35ca4206bc581f7ed4f55854ed920c70eafee"
"01_core_erp/erp/04_sales_model.md","04_sales_model.md",".md","01_core_erp/erp","Core","markdown","591","active","P1","Modelo de ventas","77c06dd0cd35d470c01cea5250d2b627682d623aa94c3cb175878e149511c625"
"01_core_erp/erp/05_purchase_model.md","05_purchase_model.md",".md","01_core_erp/erp","Core","markdown","568","future_or_pending","P2","Modelo de compras","7e27b26750190bf421d6e9a74d7efa365a28a48175b6321746208b9ffc79fa06"
"01_core_erp/erp/06_logistics_model.md","06_logistics_model.md",".md","01_core_erp/erp","Core","markdown","538","active","P1","Modelo logistico","3ec6363a6e2171be30956f8692dfad951baaca66aff1b19652daa8f401857a92"
"01_core_erp/erp/07_cart_model.md","07_cart_model.md",".md","01_core_erp/erp","Core","markdown","1343","active","P1","Modelo de carrito web","3c6a36bc178ae85907edd60ab1c874af6abf97178aa5ac9054f842f2aa4c4209"
"01_core_erp/erp/08_pos_model.md","08_pos_model.md",".md","01_core_erp/erp","Core","markdown","1169","active","P1","Modelo de punto de venta","9a3ea99a03c6570856d3296276f61538ed263c4a42c1f87ad3b1b5a4a86faa6e"
"01_core_erp/erp/09_system_states.md","09_system_states.md",".md","01_core_erp/erp","Core","markdown","975","active","P1","Estados del sistema","ea8d146b21a0e292400ff23fc8014ea647cf44d2a0cdc8ebe8e1def7e3d92d0d"
"01_core_erp/erp/10_roles_permissions.md","10_roles_permissions.md",".md","01_core_erp/erp","Core","markdown","2668","active","P1","Roles y permisos","3365a8009d42999527f98abd78d0ba79ab56dd598446f4d0db12d93281403450"
"01_core_erp/erp/11_costs_profitability.md","11_costs_profitability.md",".md","01_core_erp/erp","Core","markdown","2031","active","P1","Costos, precios y utilidad","691241d98fd9cc1b4e85bfea502a17dffa94c89859468f538329c4a3319706f6"
"01_core_erp/erp/12_billing_returns.md","12_billing_returns.md",".md","01_core_erp/erp","Core","markdown","1303","active","P1","Facturacion y devoluciones","fb17a2cca8f31bd2d5e3d0f84d321c84c457141debc5e82b0b071a5a167d5896"
"01_core_erp/erp/13_error_consistency.md","13_error_consistency.md",".md","01_core_erp/erp","Core","markdown","960","active","P1","Errores y consistencia","7be6307eb888226c489bd6ee69c72b3d5568d1e0b948d7d81d8a1ff38973dc8f"
"01_core_erp/erp/14_async_jobs_notifications.md","14_async_jobs_notifications.md",".md","01_core_erp/erp","Core","markdown","910","active","P1","Jobs asincronos y notificaciones","f58afd6b15bd6eb2f80bf3e10c95e159ebbff23a988806617533284805cb82b7"
"01_core_erp/erp/15_bundles_kits.md","15_bundles_kits.md",".md","01_core_erp/erp","Core","markdown","972","active","P1","Bundles y kits","90482cde1f0447d954d2062d680bcf8215a34f234e2355acfd1f9d2ea6a2ba58"
"01_core_erp/erp/16_addresses_customers.md","16_addresses_customers.md",".md","01_core_erp/erp","Core","markdown","761","active","P1","Clientes y direcciones","0736d49dc13bfd4f73ea056715d09289f4985b39361ac3554ef5eda494007692"
"01_core_erp/erp/17_government_tender.md","17_government_tender.md",".md","01_core_erp/erp","Core","markdown","1918","active","P1","Modelo de licitaciones publicas","a4937726e300269d049dbfd0599a5d20d3d6a85c8528e8ee7692c12ca0fbd058"
"01_core_erp/erp/18_government_tender_adoption.md","18_government_tender_adoption.md",".md","01_core_erp/erp","Core","markdown","2547","active","P1","Uso de licitaciones por empresa","411041e76eed509f174e82087464e768af7d6d1b459b4cf9dda7c14d36a29fa3"
"01_core_erp/erp/19_supplier_catalog_strategy.md","19_supplier_catalog_strategy.md",".md","01_core_erp/erp","Core","markdown","3248","active","P1","Estrategia de catalogo multi-proveedor","1fb00a1bfd53da5a94465dc856288bed692abeff671c5eda0fa18a8e39f9fb31"
"01_core_erp/erp/20_channel_assortment.md","20_channel_assortment.md",".md","01_core_erp/erp","Core","markdown","2323","active","P1","Surtido por proyecto y canal","8a317a2b3409a238eab8c35cdb53b18bdba222f5353e01eeea5465f8282088fc"
"01_core_erp/erp/21_product_compatibility.md","21_product_compatibility.md",".md","01_core_erp/erp","Core","markdown","2276","active","P1","Compatibilidad entre productos","9c0ad93f6369fe87faffa93eec6950ca16093ee75f73e92d0c29ead317eefaad"
"01_core_erp/erp/22_pricing_costing_future_map.md","22_pricing_costing_future_map.md",".md","01_core_erp/erp","Core","markdown","7669","future_or_pending","P2","Mapa futuro de Pricing, Costing y Rentabilidad","e059221eb8fb7701bde87d0c6a1d655a30f7c58f425467beb1a2823a3913d244"
"01_core_erp/flows/00_flow_index.md","00_flow_index.md",".md","01_core_erp/flows","Core","markdown","309","active","P1","Indice de flujos","63011efcb08fd77eaff8eacde5ba220e6d595479e5a711eb49f879713cf71faa"
"01_core_erp/flows/01_customer_quote_flow.md","01_customer_quote_flow.md",".md","01_core_erp/flows","Core","markdown","545","active","P1","Flujo de cotizacion del cliente","54b267c20c215f08e2c88eabbd641f4efa019287d4620576d3db8b326db55458"
"01_core_erp/flows/02_customer_purchase_flow.md","02_customer_purchase_flow.md",".md","01_core_erp/flows","Core","markdown","390","future_or_pending","P2","Flujo de compra del cliente","1aa2a83284730bc3e1673a71b4777375337651d61fffe22f01a0e4cf04043f2b"
"01_core_erp/flows/03_supplier_sync_flow.md","03_supplier_sync_flow.md",".md","01_core_erp/flows","Core","markdown","313","active","P1","Flujo de sincronizacion de proveedor","50fd8d8ff5de05a2afb3cb6bf657a77576f5b7f8e58392d0d2c67b6f32e601cf"
"01_core_erp/flows/04_pricing_flow.md","04_pricing_flow.md",".md","01_core_erp/flows","Core","markdown","1295","active","P1","Flujo de pricing","9dd1ff10fb90341a905a34646506f2edd708eed25d198e5658a333f1429edbd5"
"01_core_erp/flows/05_logistics_flow.md","05_logistics_flow.md",".md","01_core_erp/flows","Core","markdown","477","active","P1","Flujo logistico","6ad8bdb9f56a727a0899c766cd223aa5c5818456aac0c46555aed3e698b86730"
"01_core_erp/flows/06_order_flow.md","06_order_flow.md",".md","01_core_erp/flows","Core","markdown","269","active","P1","Flujo de orden","23e44c4cff0a7aae10aa64e964d29db821591de4b87a04b3c0980b6c616b3a14"
"01_core_erp/flows/07_cart_flow.md","07_cart_flow.md",".md","01_core_erp/flows","Core","markdown","420","active","P1","Flujo de carrito web","4054dfb8e3718b0db8369c401ba77a24ba118fbc5dc6d76ddcb7ec54c3344304"
"01_core_erp/flows/08_pos_flow.md","08_pos_flow.md",".md","01_core_erp/flows","Core","markdown","413","active","P1","Flujo de punto de venta","2291e94b07e3c53d565ff783ae4988b57d862586cc77e4790baaf8fa1cd62cf9"
"01_core_erp/flows/09_returns_flow.md","09_returns_flow.md",".md","01_core_erp/flows","Core","markdown","443","active","P1","Flujo de devoluciones","d328275db1842c81ab5920194a8b94863052a19f46b3aba7b095e22e67fbaf1c"
"01_core_erp/flows/10_error_consistency_flow.md","10_error_consistency_flow.md",".md","01_core_erp/flows","Core","markdown","456","active","P1","Flujo de errores y consistencia","5b28b1b2e9a6aaa09b81ab6906e0113add2b51925bf23905cea21b5e8cc1e594"
"01_core_erp/flows/11_government_tender_flow.md","11_government_tender_flow.md",".md","01_core_erp/flows","Core","markdown","719","active","P1","Flujo de licitaciones publicas","eca21f5b86c04914150a51c8ae51ba0357921040b4ed9b742dc7b75b1ae25f7e"
"01_core_erp/README.md","README.md",".md","01_core_erp","Core","markdown","1731","active","P1","Nucleo ERP","aa87deca3ead8ca79d2d29a309434dbea4a7ef7e9898dc856a1c4106b75962df"
"02_projects/_ecosystem/00_ecosystem_overview.md","00_ecosystem_overview.md",".md","02_projects/_ecosystem","Business","markdown","2756","active","P1","Ecosistema empresarial","ca0587fcddaba2d6794d5646d9f5d3a85b6d05f08e47d51700dfe31fe15f3d4a"
"02_projects/_ecosystem/01_company_portfolio.md","01_company_portfolio.md",".md","02_projects/_ecosystem","Business","markdown","2777","active","P1","Portafolio de empresas y proyectos","49ab29a49bd3d3c1ac7b294e4f0870c3c7ea136496d58dd9234c358093e64a9a"
"02_projects/_ecosystem/02_jobcron_shared_modules.md","02_jobcron_shared_modules.md",".md","02_projects/_ecosystem","Business","markdown","2041","active","P1","Modulos compartidos JobCron","110eaf61e0299aa5d1db67a83b173d99007c17621073ae84c1a13b87d37d16f1"
"02_projects/_ecosystem/03_development_strategy.md","03_development_strategy.md",".md","02_projects/_ecosystem","Business","markdown","1248","active","P1","Estrategia de desarrollo gradual","f7be9d2fa0bf9f21c15b173c0d41d57dc49cf8a3b1cf001fc8ab7dcbb05fe6d8"
"02_projects/_ecosystem/04_process_convergence_and_conflicts.md","04_process_convergence_and_conflicts.md",".md","02_projects/_ecosystem","Business","markdown","9559","active","P1","Procesos compartidos y contradicciones entre empresas","995c91e0b2cea2510e82fafa3c1e44f6a24cb9b420e7e168729bdb31a4d5f28b"
"02_projects/buildora/README.md","README.md",".md","02_projects/buildora","Business","markdown","1219","active","P1","Buildora","f5dc96db13d8dcc85f4e43ab96f6d72dc8ee3fa310d50ab001d292b29a248f08"
"02_projects/clientix/README.md","README.md",".md","02_projects/clientix","Business","markdown","463","future_or_pending","P2","Clientix","d08cae436604b79e1fbc99d2bf0eae45a4a78af68b56321384c73ade60fb77a2"
"02_projects/cloudra/README.md","README.md",".md","02_projects/cloudra","Business","markdown","442","future_or_pending","P2","Cloudra","c1a85e8f0857b4a5d01c2c02ffe9c65315f2bbdf185ec19846877b854b4ce4c8"
"02_projects/datara/README.md","README.md",".md","02_projects/datara","Business","markdown","413","future_or_pending","P2","Datara","0c53e4714cc8cd24fd9827b9849d00294d4ca5d31c1ae91ed20db224ccadc8f8"
"02_projects/docucore/api-contracts.md","api-contracts.md",".md","02_projects/docucore","Business","markdown","901","active","P1","Contratos API DocuCore","91e1578c252ed16d501b57f5c6271c19a81e835b1a0fde67b1625464efd24587"
"02_projects/docucore/architecture.md","architecture.md",".md","02_projects/docucore","Business","markdown","854","active","P1","Arquitectura DocuCore","5031cd44539fcadb8a77cd59ec5ee0c9d717b71341009072659007decb6d258d"
"02_projects/docucore/database.md","database.md",".md","02_projects/docucore","Business","markdown","903","active","P1","Base de datos DocuCore Document","6dc7343c2eeac91b078fdac2bb5d4b344c742eaaef6d0afa5738a9a756a81ca7"
"02_projects/docucore/docker.md","docker.md",".md","02_projects/docucore","Business","markdown","588","active","P1","Docker DocuCore","7c099e0eb457b810b7da0cbc5cf636cda6d5291ec4a0e973fe460c05fcbbe2cc"
"02_projects/docucore/error-handling.md","error-handling.md",".md","02_projects/docucore","Business","markdown","666","active","P1","Manejo de errores DocuCore","0044482eafbab95ed78493a20e8f8b0911923cb046c711e7c7449889e4bbab48"
"02_projects/docucore/qa-checklist.md","qa-checklist.md",".md","02_projects/docucore","Business","markdown","865","future_or_pending","P2","QA checklist DocuCore","fc1ccf0d5935e29b10a03adf0eea42304bc4c3bac0479842113a005453472caf"
"02_projects/docucore/README.md","README.md",".md","02_projects/docucore","Business","markdown","773","active","P1","DocuCore","178076b34cc3522bfea32b22634dfad795cdf035864b38130116e4b0d3579fc8"
"02_projects/docucore/repositories.md","repositories.md",".md","02_projects/docucore","Business","markdown","2463","future_or_pending","P2","Repositorios DocuCore","4b3483bde558096ed86a356220ce854dfc8f63347f8e30a4297dae5afbb6f03a"
"02_projects/docucore/security.md","security.md",".md","02_projects/docucore","Business","markdown","600","future_or_pending","P2","Seguridad DocuCore","abdc74c7f952aea6b6aaf546c46c703fabe75fdb893487213ac7a5ec19e52c53"
"02_projects/docucore/tools-catalog.md","tools-catalog.md",".md","02_projects/docucore","Business","markdown","588","active","P1","Catalogo de herramientas DocuCore","ac6916dee2c074545723a146eee6e3fe7dd8b48f2ea3427877fbdc5046fd396d"
"02_projects/festora/README.md","README.md",".md","02_projects/festora","Business","markdown","391","future_or_pending","P2","Festora","bc4b146f043b1157dc83c3bb65ba44289c7eecbcb3cba4aa7e8b4c64d7dfefc5"
"02_projects/imagiland/README.md","README.md",".md","02_projects/imagiland","Business","markdown","428","future_or_pending","P2","Imagiland","4fa10cc54ffb2c610c80973795854f06d47b44f347439c6de8c07894293af0ee"
"02_projects/imagrafity/analitics-pendiente.md","analitics-pendiente.md",".md","02_projects/imagrafity","Business","markdown","5788","future_or_pending","P2","Analitics Pendiente","cb9592d119c2966ddab40c29a58e3bd22da8755c03357a1b32f39666b5a5495b"
"02_projects/imagrafity/README.md","README.md",".md","02_projects/imagrafity","Business","markdown","519","future_or_pending","P2","Imagrafity","4ad2caa29f91ef3cc09be21fa573070eeca516b8e3e242709d57ba96f91b379d"
"02_projects/innovation-engines-repair/README.md","README.md",".md","02_projects/innovation-engines-repair","Business","markdown","501","future_or_pending","P2","Innovation Engines Repair","437e546f8a54269e6430218a57b8e64776f339f127095b75c46bb43727ab3153"
"02_projects/jobcron/01_tecnotelec_admin_process.md","01_tecnotelec_admin_process.md",".md","02_projects/jobcron","Business","markdown","2000","active","P1","Proceso administrativo Tecno Telec en JobCron","41328d50c9e39da9f9c2a06b424126e1571719269b910260de0baa7fa440c945"
"02_projects/jobcron/README.md","README.md",".md","02_projects/jobcron","Business","markdown","1255","active","P1","JobCron","288206d5cec4a3cb99176a304c864dd76e5338c89ee0ba52f84ebe0320ebeb43"
"02_projects/jobcron/ui/00_jobcron_mockup_analysis.md","00_jobcron_mockup_analysis.md",".md","02_projects/jobcron/ui","Business","markdown","4222","archive_reference","P3","Analisis de fuente visual JobCron","0cf028fbb085a8ca19cf61e6a1d06dbcadd2032b8d49c99ecfd69f9529086d65"
"02_projects/jobcron/ui/01_navigation_map.md","01_navigation_map.md",".md","02_projects/jobcron/ui","Business","markdown","3482","active","P1","Mapa de navegacion JobCron","968700cc18ff4f294462b75c019401140e0df0f03cb779ff792a53de7a7f7bbd"
"02_projects/jobcron/ui/02_layout_and_design_system.md","02_layout_and_design_system.md",".md","02_projects/jobcron/ui","Business","markdown","2493","active","P1","Maquetacion y sistema visual JobCron","1984d3d8f188930c93a83f2fc62cb4aa54e447df775dd1e7c7705e8e77420085"
"02_projects/jobcron/ui/03_dynamic_content_model.md","03_dynamic_content_model.md",".md","02_projects/jobcron/ui","Business","markdown","2308","active","P1","Modelo de contenido dinamico JobCron","5ed37dfc0b02aba5cf3e79b2b5ca8e447d53df1159f6539dcaf1adeda3f7e35a"
"02_projects/jobcron/ui/04_web_review_and_better_proposal.md","04_web_review_and_better_proposal.md",".md","02_projects/jobcron/ui","Business","markdown","7375","archive_reference","P3","Revision de web JobCron y propuesta mejorada","92b4a8b9fd2e1744009ea51b2c63f4d6576f9dde437f6e0405ebbcf0ca05ce8a"
"02_projects/jobcron/ui/05_pdf_visual_extraction.md","05_pdf_visual_extraction.md",".md","02_projects/jobcron/ui","Business","markdown","3488","archive_reference","P3","Extraccion visual del PDF JobCron","f85b87d10e68b96a6827e60d91431971957fb31d037f2af68da15571aabc1dea"
"02_projects/jobcron/ui/06_public_website_structure_research.md","06_public_website_structure_research.md",".md","02_projects/jobcron/ui","Business","markdown","5935","active","P1","Investigacion y propuesta de web publica JobCron","ec4a65c991e07466712bfc4e92f341c8892ab71ef2a8490c53e66ecd1807d78b"
"02_projects/jobcron/ui/clean/.gitkeep",".gitkeep","","02_projects/jobcron/ui/clean","Business","other","1","active","P1",".Gitkeep","01ba4719c80b6fe911b091a7c05124b64eeece964e09c058ef8f9805daca546b"
"02_projects/jobcron/ui/source/.gitkeep",".gitkeep","","02_projects/jobcron/ui/source","Business","other","1","active","P1",".Gitkeep","01ba4719c80b6fe911b091a7c05124b64eeece964e09c058ef8f9805daca546b"
"02_projects/lavanderia-3p/README.md","README.md",".md","02_projects/lavanderia-3p","Business","markdown","424","future_or_pending","P2","Lavanderia 3P","c963fd5634ce1b04e46ee7a5e8113c32b604fb98222b43fd8f28342f58e2336f"
"02_projects/lexnova/README.md","README.md",".md","02_projects/lexnova","Business","markdown","384","future_or_pending","P2","LexNova","d3b0aa7f7dbbc7e1fd7ab858a575153a2416d2f8fba31e86b194aae5544e6112"
"02_projects/mexingsof/README.md","README.md",".md","02_projects/mexingsof","Business","markdown","532","future_or_pending","P2","Mexingsof","71328cbfc3125b21580cd60b38b5497074eb5d580c9ae097a13658556de51291"
"02_projects/mockwander/README.md","README.md",".md","02_projects/mockwander","Business","markdown","955","active","P1","MockWander","af9e95a6e045324c0924621add4621118aab99df8ecf8c12a7468675d3f7f2ac"
"02_projects/modulix/README.md","README.md",".md","02_projects/modulix","Business","markdown","530","future_or_pending","P2","Modulix","d1cc5150ded5de0c40a5307b80577a097bffbead598f59d4c221f96cefdf042d"
"02_projects/nexora/README.md","README.md",".md","02_projects/nexora","Business","markdown","527","future_or_pending","P2","Nexora","9ab3f7d89df932ef2e7b9e6fec53b2e3b309383cde044d9947834464f4f9c64c"
"02_projects/nutriva/README.md","README.md",".md","02_projects/nutriva","Business","markdown","399","future_or_pending","P2","Nutriva","c6525252b324725bc2e83cfff0005870cd56946f81c4e2e5699fe9e2e2a9aff3"
"02_projects/pagora/README.md","README.md",".md","02_projects/pagora","Business","markdown","386","future_or_pending","P2","Pagora","8fd2b483b27a84fa023d919059bed73d91536d8e373de80b38fcdb9c9d432d56"
"02_projects/pensavart/README.md","README.md",".md","02_projects/pensavart","Business","markdown","496","future_or_pending","P2","Pensavart","fc94190cd10b9ea4791ac499e9a0d27ecf2250b32598530b31f3ee5531c9f7c6"
"02_projects/phone-shop/README.md","README.md",".md","02_projects/phone-shop","Business","markdown","707","active","P1","Proyecto Phone Shop","d790ba8b5bb556b9bdbc9e25293a2630992c74f8c8229f477532b311267ab9a0"
"02_projects/README.md","README.md",".md","02_projects","Business","markdown","1485","active","P1","Proyectos","f7185c7c2c3cfd22c57472bb546f1b63c446dbfcce12cf196612f39e8bdf0211"
"02_projects/refakto/README.md","README.md",".md","02_projects/refakto","Business","markdown","462","future_or_pending","P2","Refakto","225a8463065046741a8be884626234416b24bcd336ba8578f8e2301f53f5bcae"
"02_projects/rutexa/README.md","README.md",".md","02_projects/rutexa","Business","markdown","403","future_or_pending","P2","Rutexa","5a042d853ca2b1dff22ab9d5c98d3117b1806db016023d00ca9345a1f31b1504"
"02_projects/sekura-tech/README.md","README.md",".md","02_projects/sekura-tech","Business","markdown","428","future_or_pending","P2","Sekura Tech","d7e1e784f6809bed92d02e707a03230966402cb730c29b39af7058dcb65a0981"
"02_projects/social-networks/README.md","README.md",".md","02_projects/social-networks","Business","markdown","557","future_or_pending","P2","Social Networks","3be6409ec9d6bf1db647c60d0d27544c250dc51959ca17cd65d656d63f199e70"
"02_projects/stockara/README.md","README.md",".md","02_projects/stockara","Business","markdown","445","future_or_pending","P2","Stockara","65b30f8219af392a27e2892c18d7a862a4cbfeac30650a1fa1bca5fb87fcd5cd"
"02_projects/tecnotelec/00_initial_stage_readiness_review.md","00_initial_stage_readiness_review.md",".md","02_projects/tecnotelec","Business","markdown","4955","active","P1","Revision de cierre de etapa inicial Tecno Telec","c36b7978a511e366d1bf7666c81bd8b1cb4e69c2502de57751aee001af0c3213"
"02_projects/tecnotelec/AGENTE.md","AGENTE.md",".md","02_projects/tecnotelec","Business","markdown","7404","future_or_pending","P2","Agente de desarrollo Tecno Telec","43c3e0b562bccb66424d7482d61ee866a5b3ddbcce447b1db5f71bc72bfd5535"
"02_projects/tecnotelec/auth/00_user_process.md","00_user_process.md",".md","02_projects/tecnotelec/auth","Business","markdown","1759","active","P1","Proceso de usuarios Tecno Telec","8f9780473924d94b318b4b421c8800eb1aacd8cf2ecdc86848d44db5ed16d13a"
"02_projects/tecnotelec/backend/00_gateway_product_endpoints.md","00_gateway_product_endpoints.md",".md","02_projects/tecnotelec/backend","Business","markdown","5534","active","P1","Endpoints publicos Gateway para productos","06f5ad0525e34771e4fb97290d491930d9a4cd2ab457a7c0df4da300121fa3e0"
"02_projects/tecnotelec/business/00_tecnotelec_identity.md","00_tecnotelec_identity.md",".md","02_projects/tecnotelec/business","Business","markdown","2505","active","P1","Identidad de Tecno Telec","821b3013125d6453091e1cc836f3a827936180184ed02afa4e12e54b67b3a01a"
"02_projects/tecnotelec/business/01_objectives.md","01_objectives.md",".md","02_projects/tecnotelec/business","Business","markdown","1403","active","P1","Objetivos","173676f0729cac00727629d857b2e8330b0a6b5d9162431fda92c87c9f0054f3"
"02_projects/tecnotelec/business/02_foda.md","02_foda.md",".md","02_projects/tecnotelec/business","Business","markdown","1217","active","P1","FODA","af9fb09191ddb6c0f2e63d1bd3e9a41d1294a8d6e221c01f9ee9557f69b9ae57"
"02_projects/tecnotelec/business/03_business_model.md","03_business_model.md",".md","02_projects/tecnotelec/business","Business","markdown","907","active","P1","Modelo de negocio","00896428712211cc80d66d0ae9eb98a2cab77d86101b88e75fa7f66ff5718ef4"
"02_projects/tecnotelec/business/04_services.md","04_services.md",".md","02_projects/tecnotelec/business","Business","markdown","1149","active","P1","Servicios","f99a6e725ce7c790d18beb1b6d56c3f7a7beac6cb6e7e9fa64d0f244127d8bb7"
"02_projects/tecnotelec/business/05_customer_segments.md","05_customer_segments.md",".md","02_projects/tecnotelec/business","Business","markdown","558","future_or_pending","P2","Segmentos de cliente","f6d69a0f4dbfbcc29f84b5a3b9deb2afb40b48b2aa4ddf0bb6045061d02f49fb"
"02_projects/tecnotelec/business/06_value_proposition.md","06_value_proposition.md",".md","02_projects/tecnotelec/business","Business","markdown","689","active","P1","Propuesta de valor","130c4064e6acff3852e7c5625a30d3a202a7af97e1b7f4c6a69d6cfff44a1c65"
"02_projects/tecnotelec/cart/00_cart_future_process.md","00_cart_future_process.md",".md","02_projects/tecnotelec/cart","Business","markdown","790","future_or_pending","P2","Proceso futuro de carrito, pedido y compra","13be9ffb64373536fba05cc50087a9a090add5e39f102c083f4db4f21a825d02"
"02_projects/tecnotelec/catalog/00_public_catalog_process.md","00_public_catalog_process.md",".md","02_projects/tecnotelec/catalog","Business","markdown","3009","active","P1","Proceso de catalogo publico Tecno Telec","30ee2d0b04e0eb196b0475a226c98ac675acde2a140ee4f351a792decacdf050"
"02_projects/tecnotelec/catalog/01_product_detail_process.md","01_product_detail_process.md",".md","02_projects/tecnotelec/catalog","Business","markdown","2214","active","P1","Proceso de detalle de producto","f9d153adcb8b570f059b7350ca50b7e3ac144dbf92e7f3a9ae2a2fb840c12bfc"
"02_projects/tecnotelec/decisions/adr_0001_api_gateway_name.md","adr_0001_api_gateway_name.md",".md","02_projects/tecnotelec/decisions","Business","markdown","512","active","P1","ADR 0001 - Nombre del API Gateway","c73f7a266dbf709370c9781c736948bb45c69bced3604f086e251d03ade376db"
"02_projects/tecnotelec/decisions/adr_0002_modular_erp_strategy.md","adr_0002_modular_erp_strategy.md",".md","02_projects/tecnotelec/decisions","Business","markdown","684","active","P1","ADR 0002 - Estrategia ERP modular","d87533681d651798048deb0a91e91bfbb014b087b266e4318c7970fe49069993"
"02_projects/tecnotelec/decisions/adr_0003_supplier_catalog_strategy.md","adr_0003_supplier_catalog_strategy.md",".md","02_projects/tecnotelec/decisions","Business","markdown","436","active","P1","ADR 0003 - Estrategia Supplier y Catalog","752dfaf376415a8e915f448b29e49ab1b4ee9118db60ce8a47463912296f34dd"
"02_projects/tecnotelec/decisions/adr_0004_quote_to_order_flow.md","adr_0004_quote_to_order_flow.md",".md","02_projects/tecnotelec/decisions","Business","markdown","431","active","P1","ADR 0004 - Flujo Quote a Order","32035cea170c0c6b85afe19a712809c00b353408d6c83eef42a7ffb28a5623e8"
"02_projects/tecnotelec/decisions/adr_0005_rules_engine_strategy.md","adr_0005_rules_engine_strategy.md",".md","02_projects/tecnotelec/decisions","Business","markdown","483","active","P1","ADR 0005 - Estrategia Rules Engine","c43abf5241957d5c8138a711cc1e3a30b5373577d40a02d36b9b29ebc907e1f8"
"02_projects/tecnotelec/decisions/adr_0006_project_api_boundary.md","adr_0006_project_api_boundary.md",".md","02_projects/tecnotelec/decisions","Business","markdown","1175","active","P1","ADR 0006 - API especializada del proyecto Tecno Telec","f6c0828fe75ca5ba25367c59b38a69de9959c7a886b05109fd7f0628a42679c2"
"02_projects/tecnotelec/frontend/00_frontend_overview.md","00_frontend_overview.md",".md","02_projects/tecnotelec/frontend","Business","markdown","1257","active","P1","Frontend overview","e828306e020e0efb155d1f19420a4d9780fcb817d3cc1ff9b8ce9e324b7fee6b"
"02_projects/tecnotelec/frontend/01_routes.md","01_routes.md",".md","02_projects/tecnotelec/frontend","Business","markdown","1562","active","P1","Rutas frontend","01d9d6a18fe820decf509187de3b1dd8dee041055f15bf9caf4c252f3b022e61"
"02_projects/tecnotelec/frontend/02_layout.md","02_layout.md",".md","02_projects/tecnotelec/frontend","Business","markdown","749","active","P1","Layout","b04c2a87d5cec2b3bc3a29d962e6de8e5c01010f05c2503d3ae82c0b29154600"
"02_projects/tecnotelec/frontend/03_components.md","03_components.md",".md","02_projects/tecnotelec/frontend","Business","markdown","880","active","P1","Componentes","18dcd73195cd07034b503f15e42ac9a3986101d50881b180c579015119464c19"
"02_projects/tecnotelec/frontend/04_web_references.md","04_web_references.md",".md","02_projects/tecnotelec/frontend","Business","markdown","545","archive_reference","P3","Referencias web y visuales","28feaa4bea54688a68f9b11c6e6e2a4256b30acf3e0c3e0ba5d74531088f661f"
"02_projects/tecnotelec/frontend/05_design_system.md","05_design_system.md",".md","02_projects/tecnotelec/frontend","Business","markdown","1183","future_or_pending","P2","Sistema de diseno","81cb5264e1f0ab80fb2a353869262ba3e8cfaaefeb27793245526c0ab13d31fd"
"02_projects/tecnotelec/frontend/06_image_sizes.md","06_image_sizes.md",".md","02_projects/tecnotelec/frontend","Business","markdown","773","active","P1","Tamanos de imagen","e04b35b0e331f0ec880f77f91db8210a11ba6efca3849f8a08c186a35177fd08"
"02_projects/tecnotelec/frontend/07_purchase_flow.md","07_purchase_flow.md",".md","02_projects/tecnotelec/frontend","Business","markdown","283","future_or_pending","P2","Flujo frontend de compra","3e58202f4aa76abc5e3f5f1d95a817c905b709986d83d529af1c6610889f578f"
"02_projects/tecnotelec/frontend/08_quote_flow.md","08_quote_flow.md",".md","02_projects/tecnotelec/frontend","Business","markdown","541","active","P1","Flujo frontend de cotizacion","6e565e72949736434c73d4c95c0b7e2c0d08a32753b9ab81995d327f5e44d804"
"02_projects/tecnotelec/frontend/09_interface_proposal.md","09_interface_proposal.md",".md","02_projects/tecnotelec/frontend","Business","markdown","4156","active","P1","Propuesta de interfaz Tecno Telec","49513ce65fb8c37b90918a1658def2043dab747f5b3ebf2b61578fd30e89fbff"
"02_projects/tecnotelec/frontend/10_pre_development_analysis.md","10_pre_development_analysis.md",".md","02_projects/tecnotelec/frontend","Business","markdown","2433","future_or_pending","P2","Analisis previo al desarrollo web","11f19a3db8b5956ae465b0111ec94737b620eec88b6d42395b8ed2ec0728b7db"
"02_projects/tecnotelec/frontend/11_web_platform_structure.md","11_web_platform_structure.md",".md","02_projects/tecnotelec/frontend","Business","markdown","3093","active","P1","Estructura funcional de la plataforma web","adb652298d5defe6d74fa0dae61e815f486c5119a47e77b570361f946ec42c7c"
"02_projects/tecnotelec/frontend/12_initial_web_blueprint.md","12_initial_web_blueprint.md",".md","02_projects/tecnotelec/frontend","Business","markdown","2491","active","P1","Blueprint inicial web Tecno Telec","80e3b8a0d951fc6d2b3488af9620e4b0eea3aad0938ffd18d6f542544b12a275"
"02_projects/tecnotelec/frontend/13_visual_mockup_spec.md","13_visual_mockup_spec.md",".md","02_projects/tecnotelec/frontend","Business","markdown","13276","future_or_pending","P2","Especificacion visual de maqueta Tecno Telec","aa9c7958a1875bc01befc6e41e8be85928ec4e348a86a6e5bc5c4355fdceab2b"
"02_projects/tecnotelec/frontend/14_navbar_standard.md","14_navbar_standard.md",".md","02_projects/tecnotelec/frontend","Business","markdown","4477","future_or_pending","P2","Estandar de Navbar Tecno Telec","d3280ebda3a2e1832727eaa5095fff1cd6c720c87d2b266bc5a066f4b945449a"
"02_projects/tecnotelec/frontend/15_site_navigation_map.md","15_site_navigation_map.md",".md","02_projects/tecnotelec/frontend","Business","markdown","6079","future_or_pending","P2","Mapa de navegacion Tecno Telec","97a0fd43871d44cc2099e3300c6b538960a8ae8ebaed836fc7d212d0d3a51db9"
"02_projects/tecnotelec/frontend/16_catalog_user_experience_correction.md","16_catalog_user_experience_correction.md",".md","02_projects/tecnotelec/frontend","Business","markdown","2831","active","P1","Correccion de experiencia: catalogo visible Tecno Telec","c537d5f43cc67b4c45382a36d13be9add608823425ac33537b4fc345bd2779d3"
"02_projects/tecnotelec/frontend/17_user_navigation_experience_review.md","17_user_navigation_experience_review.md",".md","02_projects/tecnotelec/frontend","Business","markdown","4766","active","P1","Revision de navegacion para usuario final","8471b480480d135556149bbddc20a0368831149c6fb29871d678db805ce61a9f"
"02_projects/tecnotelec/frontend/18_solution_navigation_map.md","18_solution_navigation_map.md",".md","02_projects/tecnotelec/frontend","Business","markdown","6227","active","P1","Mapa de navegacion de soluciones Tecno Telec","85b0e1c76ffcba84f6f8046c4157264b61955a8d3c7246a16ab5d3e3e69d1e28"
"02_projects/tecnotelec/frontend/18_stage_one_user_experience_closure.md","18_stage_one_user_experience_closure.md",".md","02_projects/tecnotelec/frontend","Business","markdown","3920","active","P1","Cierre etapa 1: experiencia publica Tecno Telec","bdb9b6c0bc15abe2c908a49f65599ef3700cab2ea94500ee78810c81c17f921e"
"02_projects/tecnotelec/frontend/19_dynamic_catalog_and_navigation_rule.md","19_dynamic_catalog_and_navigation_rule.md",".md","02_projects/tecnotelec/frontend","Business","markdown","3143","active","P1","Regla de catalogo y navegacion dinamica","cf652e6bde8ca13073454e8d0037e6f61efa3b4febe0ab0e732b1b7cfa912ed5"
"02_projects/tecnotelec/frontend/20_manual_review_checklist_and_ports.md","20_manual_review_checklist_and_ports.md",".md","02_projects/tecnotelec/frontend","Business","markdown","5364","active","P1","Checklist manual y puertos Tecno Telec","57077d06620ad2abbee7ca2ed1c3ae7bd6ca78b75f6767f2c17c15dd8b74a03c"
"02_projects/tecnotelec/frontend/21_product_catalog_interface_execution.md","21_product_catalog_interface_execution.md",".md","02_projects/tecnotelec/frontend","Business","markdown","3236","active","P1","Ejecucion interfaz de productos Tecno Telec","b1f74ac53d197c20082ca7697aa7e7b62c019bc8504bbfe8019558edff992685"
"02_projects/tecnotelec/frontend/22_product_catalog_visual_responsive_execution.md","22_product_catalog_visual_responsive_execution.md",".md","02_projects/tecnotelec/frontend","Business","markdown","5176","active","P1","Ejecucion visual responsiva del catalogo Tecno Telec","a7330b7ce5ad83844e9db1e83814b671a5e5a02384539963a929fe64684cec63"
"02_projects/tecnotelec/pricing/00_price_publication_process.md","00_price_publication_process.md",".md","02_projects/tecnotelec/pricing","Business","markdown","1405","active","P1","Proceso de publicacion de precios en Web","422915c11570c0a999cf73cfcf0868ef10fe8472c31f08787b484fe74b3270f8"
"02_projects/tecnotelec/pricing/01_advanced_pricing_future.md","01_advanced_pricing_future.md",".md","02_projects/tecnotelec/pricing","Business","markdown","740","future_or_pending","P2","Pricing avanzado futuro","06971d1b9fe8197fe00938c0a88cd3048c2b4c692c6187f6c33a7e1c38e7028b"
"02_projects/tecnotelec/quotes/00_quote_process.md","00_quote_process.md",".md","02_projects/tecnotelec/quotes","Business","markdown","1207","active","P1","Proceso de cotizacion Tecno Telec","f6372daccd3ae558759cd57b2e21574b461aa119b5dd2cdd492d9d8e4a81a0ff"
"02_projects/tecnotelec/quotes/01_quote_mvp_sales_decision.md","01_quote_mvp_sales_decision.md",".md","02_projects/tecnotelec/quotes","Business","markdown","1039","active","P1","Decision MVP: cotizacion en Sales API","c0fa68d10e150ab817260ef125bfc6a6e4669c75db6fef271a3cadd7de0e9cfd"
"02_projects/tecnotelec/quotes/02_quote_implementation_scope_analysis.md","02_quote_implementation_scope_analysis.md",".md","02_projects/tecnotelec/quotes","Business","markdown","9974","active","P1","Analisis de implementacion para cotizaciones Tecno Telec","afe3a725bf64608be355c8194a7db01985880ddfa36ed800d6d804f7425cca34"
"02_projects/tecnotelec/README.md","README.md",".md","02_projects/tecnotelec","Business","markdown","2557","active","P1","Proyecto Tecno Telec","d869d744eecf9a7dad92fb25e1156a5c11c831d5e2c27db5141c19233d16addb"
"02_projects/tecnotelec/solutions/00_solution_presentation_and_assembly_strategy.md","00_solution_presentation_and_assembly_strategy.md",".md","02_projects/tecnotelec/solutions","Business","markdown","11506","active","P1","Estrategia de armado y presentacion de soluciones Tecno Telec","7ae7a7d7a708084995b2652c0a5eb09c574e82c0d88164e48f736bf1d3eea0c6"
"02_projects/tecnotelec/solutions/01_dynamic_solution_technical_design.md","01_dynamic_solution_technical_design.md",".md","02_projects/tecnotelec/solutions","Business","markdown","16335","active","P1","Diseno tecnico dinamico de soluciones Tecno Telec","a29b2c8ed67deecfdefcf6b62b245d91021f271ab1ed321a0cb3f38062489cb9"
"02_projects/tecnotelec/solutions/02_solution_operating_architecture_analysis.md","02_solution_operating_architecture_analysis.md",".md","02_projects/tecnotelec/solutions","Business","markdown","18808","active","P1","Analisis operativo y arquitectura para soluciones cotizables Tecno Telec","c7f86bd7c6134cb1cee1dd5283e4a9500d9efe08f0fee26a43e0e22aede2e0ca"
"02_projects/tecnotelec/solutions/03_development_start_recommendation.md","03_development_start_recommendation.md",".md","02_projects/tecnotelec/solutions","Business","markdown","4780","active","P1","Recomendacion para cerrar analisis e iniciar desarrollo","ea50ee84a176408f7e7ad40c336b173efa0e828646635c53ed66557692c8c6a1"
"02_projects/tecnotelec/solutions/05_solution_module_implementation_report.md","05_solution_module_implementation_report.md",".md","02_projects/tecnotelec/solutions","Business","markdown","6342","active","P1","Tecno Telec Solution Module Implementation Report","14b1b74876ffe00b4f5dfc7266c0ef2b451d4de3231c178f27ef6b04cb252a4e"
"02_projects/tecnotelec/solutions/06_solution_detail_definition.md","06_solution_detail_definition.md",".md","02_projects/tecnotelec/solutions","Business","markdown","2693","active","P1","Definicion del detalle de soluciones","f8f4e1602647daf66968b64d222c8913776623f4755efe753b3a7f91e8132d72"
"02_projects/tecnotelec/tasks/00_pending_tasks.md","00_pending_tasks.md",".md","02_projects/tecnotelec/tasks","Business","markdown","570","future_or_pending","P2","Tareas pendientes","06d8c7371c8b360843fa0fa9f5540b0aec1e5558bbd792445b712d3b9c1d3d9d"
"02_projects/tecnotelec/tasks/01_required_apis.md","01_required_apis.md",".md","02_projects/tecnotelec/tasks","Business","markdown","1817","active","P1","APIs requeridas","5323f5531288ca0a905e2cebbaafc2667d5d9b4be8fd8028daa7bb1d484c4ae2"
"02_projects/tecnotelec/tasks/02_required_tables.md","02_required_tables.md",".md","02_projects/tecnotelec/tasks","Business","markdown","1647","future_or_pending","P2","Tablas requeridas","604334b5ba05d744e070173db5114e3e1f192537282fd8b8a479e04ae856f431"
"02_projects/tecnotelec/tasks/03_required_frontend_views.md","03_required_frontend_views.md",".md","02_projects/tecnotelec/tasks","Business","markdown","1146","active","P1","Vistas frontend requeridas","55a849d5fc2afa5ecab5b968e7bd18ea0ecbd6b8386b172403564c49d41db327"
"02_projects/tecnotelec/tasks/04_development_order.md","04_development_order.md",".md","02_projects/tecnotelec/tasks","Business","markdown","1023","active","P1","Orden de desarrollo","b10d520e762748ffbd72284366573e7d1072467941c8ccf78e732ca7e85d4487"
"02_projects/tecnotelec/tasks/05_mvp_scope.md","05_mvp_scope.md",".md","02_projects/tecnotelec/tasks","Business","markdown","4217","active","P1","Alcance MVP Tecno Telec","5ecd8de00e1c7bd9ed3e8ce0043bd7f267655353a11ae2be941b1156f4141382"
"02_projects/tecnotelec/tasks/06_pricing_first_plan.md","06_pricing_first_plan.md",".md","02_projects/tecnotelec/tasks","Business","markdown","14962","active","P1","Plan Pricing First","ea6f38f6638b03ae7f4af43134e1b24713bbeaeb5de534188071185e290be08f"
"02_projects/tecnotelec/tasks/07_pre_development_checklist.md","07_pre_development_checklist.md",".md","02_projects/tecnotelec/tasks","Business","markdown","1439","future_or_pending","P2","Checklist previo a programar Tecno Telec","c35585cd6eb4ac0f85f51a61b6541f1666f1928a93c8d48f66fc7267de2f38e4"
"02_projects/tecnotelec/tasks/roadmap.md","roadmap.md",".md","02_projects/tecnotelec/tasks","Business","markdown","4604","future_or_pending","P2","Roadmap del proyecto","9f761cb263bc0e03dcaee30ea381eefe4af7c2f0a419f0a4fb536f6cb4dc3188"
"02_projects/tip-smart/README.md","README.md",".md","02_projects/tip-smart","Business","markdown","542","future_or_pending","P2","Tip Smart","aedcfdfa906f8274cfad5296234f649811d4e9b9ed9a5a73e39b0e0be2e37a22"
"03_standards/database/sql-server-publication-standard.md","sql-server-publication-standard.md",".md","03_standards/database","Standards","markdown","3394","active","P1","Estandar de nombres SQL Server para tablas publicadas","2533391d632904479ea7fb80824301a8b1e58d723b81bb94d7822de967b00f05"
"03_standards/docker.md","docker.md",".md","03_standards","Standards","markdown","2813","active","P1","Docker local","cf67dc39b5bee0f4d9445de78ab7baf251baff90ee78bc0350428454f44f2f6a"
"03_standards/docker/grouped-containers-isolated-config.md","grouped-containers-isolated-config.md",".md","03_standards/docker","Standards","markdown","4007","active","P1","Contenedores agrupados con configuracion aislada","f8d62b4277c06880ab2661746359f74e64a407222289dead810f4f58366bad7d"
"03_standards/documentation-maintenance-policy.md","documentation-maintenance-policy.md",".md","03_standards","Standards","markdown","1289","active","P1","Politica de mantenimiento documental","246fdfa27d180d2162397a6005b84abf2d8b37d83f55b3cfeac44c1e79067a22"
"03_standards/documentation-pr-checklist.md","documentation-pr-checklist.md",".md","03_standards","Standards","markdown","499","archive_reference","P3","Checklist PR documental","2f24c106646bc38d86ecbfecca5d26fc4881d410f06268230975eec0e8f69279"
"03_standards/frontend/02_placeholder_strategy.md","02_placeholder_strategy.md",".md","03_standards/frontend","Standards","markdown","1288","active","P1","Estrategia de placeholders frontend","8b62d7ab9ca445c618e5a89260a64d23e0fa0c325ae44ab6d3945dfc9d6440c3"
"03_standards/frontend/catalog-visibility-rules.md","catalog-visibility-rules.md",".md","03_standards/frontend","Standards","markdown","1280","active","P1","Reglas de visibilidad en frontend","c607981e410526d9b7417de77774894b1a11ffe1f1b1194d399193e5a837229f"
"03_standards/frontend/nextjs-project-standard.md","nextjs-project-standard.md",".md","03_standards/frontend","Standards","markdown","4165","future_or_pending","P2","Estandar de proyecto Next.js","09e132072653aad9f0846b896455edeb5247f5b9e012a4922b4dfaf23ef6199b"
"03_standards/frontend/pre-development-checklist.md","pre-development-checklist.md",".md","03_standards/frontend","Standards","markdown","1987","active","P1","Checklist previo a desarrollo frontend","bc771e988b8b74e1512d35e9d3352091ed7ad26534d6ead1f6b93c0512d91db6"
"03_standards/frontend/README.md","README.md",".md","03_standards/frontend","Standards","markdown","792","active","P1","Estandares frontend","25c9c3dcbb2c3f334002b974cd18d574621fa2516eb691ab6d4ea6b68c1dbf29"
"03_standards/frontend/shared-docker-frontend-architecture.md","shared-docker-frontend-architecture.md",".md","03_standards/frontend","Standards","markdown","4219","active","P1","Arquitectura Docker frontend compartida","049e86d3bdc60ef27201cfe0fd8bb26332b38fdf4f35353cfa96d3affd3f76dd"
"03_standards/operations/codex-working-rules.md","codex-working-rules.md",".md","03_standards/operations","Standards","markdown","3949","active","P1","Reglas de trabajo para Codex","eada4e36099503ea05d23e04873d5d456093fd768aef65fd02b1583da63f7709"
"03_standards/operations/data-quality.md","data-quality.md",".md","03_standards/operations","Standards","markdown","1467","active","P1","Data Quality — Limpieza y normalización","19b67376ed069f23c7c2d87129c08568c8436a4eabbf2bf29bb2c714e6ee48ef"
"03_standards/operations/django-api-project-compliance.md","django-api-project-compliance.md",".md","03_standards/operations","Standards","markdown","3808","active","P1","Validacion de cumplimiento de proyectos Django API","28c3972ad1d6b760d22181fc42c4ac8ae20f7c36845f8f43d1bf7b5bced4538a"
"03_standards/operations/docker-recovery-runbook.md","docker-recovery-runbook.md",".md","03_standards/operations","Standards","markdown","4791","active","P1","Runbook Docker local","1ee4ff1ba9974781dae400af4b20c586d6d5e1286bdfd9f8b42e7bb642bea6a9"
"03_standards/operations/error-handling.md","error-handling.md",".md","03_standards/operations","Standards","markdown","1736","active","P1","Error Handling","10f0d0cf7cfe7bcf0cde3ef46b869dd82b080bdf9d6f2c2e1e4d4da5dcd7fe97"
"03_standards/operations/git-environments-and-release-flow.md","git-environments-and-release-flow.md",".md","03_standards/operations","Standards","markdown","5150","active","P1","Flujo Git, entornos y validacion","c92bebe3f976ca9fb6a2b6a1295392fb60a50c117d2be79ea5b48fda7a1c75e8"
"03_standards/operations/git-repository-map.md","git-repository-map.md",".md","03_standards/operations","Standards","markdown","7454","active","P1","Mapa de repositorios Git","082788f3d8149ba6e5a55063e9bb56e6a679e8e2ebf37bbe4d2ac79a3b464e42"
"03_standards/operations/jobs/failure-recovery.md","failure-recovery.md",".md","03_standards/operations/jobs","Standards","markdown","578","active","P1","Recuperacion ante fallos de jobs","cff59361e808b2e6d755e624b2ab273906026340e9dde79a72078773718d495b"
"03_standards/operations/jobs/job-catalog.md","job-catalog.md",".md","03_standards/operations/jobs","Standards","markdown","880","active","P1","Catalogo de jobs","29ac08f98ecebe74d7534719cdacd2ff924897c048c2d57331c8740b652a9593"
"03_standards/operations/jobs/job-schedule.md","job-schedule.md",".md","03_standards/operations/jobs","Standards","markdown","558","active","P1","Calendario de jobs","e52c8b027a6f826bcb4bbac4a8e7eaba48a6e9be73192e2f4a90ef9e5fa913f2"
"03_standards/operations/jobs/retry-policy.md","retry-policy.md",".md","03_standards/operations/jobs","Standards","markdown","337","active","P1","Politica de reintentos","9a10e7bfda60d8450c5990589d499addf2f6831d6855a4d20297b9e6fa271a6e"
"03_standards/operations/multi-provider.md","multi-provider.md",".md","03_standards/operations","Standards","markdown","2699","active","P1","Estrategia multi-proveedor","6b54f32d87793c380974bac34a96d84aa3d74353acc8cc3565bd0f664bab61ca"
"03_standards/operations/observability.md","observability.md",".md","03_standards/operations","Standards","markdown","2917","future_or_pending","P2","Observabilidad","ac6852ca8f4bdb1004610b2abd50be12ee62cb89175fda25531292f7ae497919"
"03_standards/operations/project-closure-standard.md","project-closure-standard.md",".md","03_standards/operations","Standards","markdown","8208","active","P1","Estandar de cierre para proyectos Django API","8f756c6dcacd52e2440af75c0b122697501900fad501833dedb5f047a4b5fe4c"
"03_standards/operations/provider-integration-standard.md","provider-integration-standard.md",".md","03_standards/operations","Standards","markdown","1887","active","P1","Estandar para integrar proveedores","eba254b21452faa0641473b87d1d6a7e5e86651a72062ab1c199b4d0c9d620f9"
"03_standards/operations/reporting.md","reporting.md",".md","03_standards/operations","Standards","markdown","999","active","P1","Reporting","6476fd3ed38860cbfc6aa21618583e02895ba94fa9af12981f4cab32905fb5ce"
"03_standards/operations/runbook.md","runbook.md",".md","03_standards/operations","Standards","markdown","3668","future_or_pending","P2","Runbook operativo","7fe3fb334478c679da4e538d54ddae91c40b7ae4417eb9909fd1924c6f6943ac"
"03_standards/operations/scheduling.md","scheduling.md",".md","03_standards/operations","Standards","markdown","9402","active","P1","Scheduling - Procesos programados","924b5072a00e416a4ff3f62bdb0757a4604b408af815e3f480e85eba028f315c"
"03_standards/operations/security.md","security.md",".md","03_standards/operations","Standards","markdown","891","active","P1","Security","41d54bd86f451cf357172d2af2baf6ae86b134dc7623804fe92f6879b0af7dc2"
"03_standards/README.md","README.md",".md","03_standards","Standards","markdown","660","active","P1","Estandares","153a1097750e92586f0fe1f2f5b9e5bbb621deb952e5041c8e05005764c09342"
"03_standards/security/audit-policy.md","audit-policy.md",".md","03_standards/security","Standards","markdown","302","active","P1","Politica de auditoria","ab0ab10ae7f867398d2bf84421f4c8638468a52faad618b1d23c56f1378f2a70"
"03_standards/security/mfa-future.md","mfa-future.md",".md","03_standards/security","Standards","markdown","230","future_or_pending","P2","MFA futuro","97d68bd7a5b737b7925907e3b44dc4a757ac06fadf5b90cc89bd990b8d95718a"
"03_standards/security/password-policy.md","password-policy.md",".md","03_standards/security","Standards","markdown","253","active","P1","Politica de password","013443c788ae49f9840e8f35ff710b397fdc515dbecd99e32c565f4054697652"
"03_standards/security/secrets-management.md","secrets-management.md",".md","03_standards/security","Standards","markdown","3033","active","P1","Manejo de secretos","26edc67ae3b84ec4c89bc81c70194c4534914754c99d0b049130b9c33458425d"
"03_standards/testing/testing-strategy.md","testing-strategy.md",".md","03_standards/testing","Standards","markdown","3145","active","P1","Estrategia de pruebas","7507c497132f5a2515480b135b2cc34c63f9899425c347b1d3a1d730e1e46031"
"04_integrations/ct-internacional/README.md","README.md",".md","04_integrations/ct-internacional","Integration","markdown","508","future_or_pending","P2","Integracion CT Internacional","d09139586db5e46d0e6e8fea4aae1bf0ab163d2bbd524a3df735790e8598ab4e"
"04_integrations/dc-mayorista/README.md","README.md",".md","04_integrations/dc-mayorista","Integration","markdown","500","future_or_pending","P2","Integracion DC Mayorista","86b7aea4283a859a8ccf9e9f9bee319d122c7096840d4f57179b81f460f1211e"
"04_integrations/README.md","README.md",".md","04_integrations","Integration","markdown","591","active","P1","Integraciones","5709133d5bd17bcf91d4889b8767d8d922b29fe48d3dd812680c329d7c4915a8"
"04_integrations/syscom/api_reference/syscom-api-app.md","syscom-api-app.md",".md","04_integrations/syscom/api_reference","Integration","markdown","277017","active","P1","Syscom Api App","acccea6458dbdf0b84192137a817d01013561f770a5f0efe7458aa3a62100961"
"04_integrations/syscom/api_reference/syscom-auth.md","syscom-auth.md",".md","04_integrations/syscom/api_reference","Integration","markdown","2839","active","P1","SYSCOM Auth API","26ca086031e355dac237601af90f105ec025b98b77b5e98579e557feb73fa66a"
"04_integrations/syscom/api_reference/syscom-brands.md","syscom-brands.md",".md","04_integrations/syscom/api_reference","Integration","markdown","3435","active","P1","SYSCOM Brands API","73076df52f17474b0a28d50067315c30ad43fad6230f7bfa6af849461c44c74c"
"04_integrations/syscom/api_reference/syscom-categories.md","syscom-categories.md",".md","04_integrations/syscom/api_reference","Integration","markdown","3837","active","P1","SYSCOM Categories API","cc05662239973dfd14dd83d90ecf2fe5f32233904064157dbb43966af574cd04"
"04_integrations/syscom/api_reference/syscom-exchange-rate.md","syscom-exchange-rate.md",".md","04_integrations/syscom/api_reference","Integration","markdown","2094","active","P1","SYSCOM Exchange Rate API","6c0b8fa24e9a5d68c59e5e8c3bce13140dec198fe6f7cb78e1201d1213edaedf"
"04_integrations/syscom/api_reference/syscom-product-detail.md","syscom-product-detail.md",".md","04_integrations/syscom/api_reference","Integration","markdown","2028","active","P1","SYSCOM Product Detail API","243bb39b3579b6b7a4780de969946f57dbf9a70449420b25610d3c69afaf1b39"
"04_integrations/syscom/api_reference/syscom-products.md","syscom-products.md",".md","04_integrations/syscom/api_reference","Integration","markdown","5835","active","P1","SYSCOM Products API","ff1e2de4ab3a4f9d84d2de787c08e1e6983c88fa4d9a1f9b301b3fad5867da38"
"04_integrations/syscom/api_reference/syscom-related-accessories.md","syscom-related-accessories.md",".md","04_integrations/syscom/api_reference","Integration","markdown","3041","active","P1","SYSCOM Related Products and Accessories APIs","8691d6e768315efcef665dcf1bc0e2fa8dcc39b18a54f4fb75f045d2b060addf"
"04_integrations/syscom/etl/docker-worker.md","docker-worker.md",".md","04_integrations/syscom/etl","Integration","markdown","8097","active","P1","Worker Docker para ETLs SYSCOM","539ac777cb9882b69bc12645f4928b7e54d3793185e2c111bfd6831f9e264e92"
"04_integrations/syscom/etl/overview.md","overview.md",".md","04_integrations/syscom/etl","Integration","markdown","4517","active","P1","ETL overview","b4afe3aaaa9e821abe515dcee90d936a73605387fd92090460efda4d5334d584"
"04_integrations/syscom/etl/reset-and-auto-sync.md","reset-and-auto-sync.md",".md","04_integrations/syscom/etl","Integration","markdown","4539","active","P1","Reset limpio y sincronizacion automatica SYSCOM","12c8f376d931e377f6e2bef9bb25d989726c55c9ee8351328adb7e81c063603b"
"04_integrations/syscom/etl/sync-brands.md","sync-brands.md",".md","04_integrations/syscom/etl","Integration","markdown","1745","active","P1","ETL marcas","35864aa080d1bfac0229eaf97162ac9390190c7233e9c450d6a5e9b42a75477d"
"04_integrations/syscom/etl/sync-categories.md","sync-categories.md",".md","04_integrations/syscom/etl","Integration","markdown","1895","active","P1","ETL categorias","10e8b5849d76a05ac01e1fe5fbde2bff3d743be54f66fb798c3228e742b9a737"
"04_integrations/syscom/etl/sync-products.md","sync-products.md",".md","04_integrations/syscom/etl","Integration","markdown","3689","active","P1","ETL productos","717326bafd37b8dd3850020d21e65873710c9cad30a11ecd3211133dcf86838f"
"04_integrations/syscom/etl/sync-related-accessories.md","sync-related-accessories.md",".md","04_integrations/syscom/etl","Integration","markdown","1933","active","P1","ETL relacionados y accesorios","843739833e5c1bb98bf49cc61b3f1a84171e5530ab106fdbcd69895c92628653"
"04_integrations/syscom/etl/sync-stock-prices.md","sync-stock-prices.md",".md","04_integrations/syscom/etl","Integration","markdown","3048","active","P1","ETL stock y precios","f44a3cf69f4c762806f0019bd75e2c3e34e060e6a7953be24fff925d079ec40d"
"04_integrations/syscom/etl/sync-token.md","sync-token.md",".md","04_integrations/syscom/etl","Integration","markdown","1335","active","P1","ETL token SYSCOM","5e8cefa3c55924e4534a83a05b8ce736728e0db1344f1e379161fc63b9e2808a"
"04_integrations/syscom/etl/syscom-commands.md","syscom-commands.md",".md","04_integrations/syscom/etl","Integration","markdown","9785","active","P1","Ejecutables SYSCOM","0a0a0d5ef77cfde3f146ca5d503090939a2692f401dc67e52035b3aa65a49e8e"
"04_integrations/syscom/etl/text-encoding-and-search.md","text-encoding-and-search.md",".md","04_integrations/syscom/etl","Integration","markdown","3295","active","P1","SYSCOM text encoding and searchable catalog data","3be1bc09b0fe4cb7f0c6d2f96725b57f8c7fac183a8fb9f78a8109c0b4607e78"
"_archive/image/jobcron/converted/jobcron_pdf_page_01.png","jobcron_pdf_page_01.png",".png","_archive/image/jobcron/converted","Archive","asset","4689229","archive_reference","P3","2Q\\2ה馼m$|7d<iPne'۬oӦ2%]6dWNy	rλG3jG%IN.\\U/Vޛ$VZxRb.>S!\\oÀ0G<gn-\\dظN0M;}v}u_9~S|%^\\ｍ&XL@= [,}bA;jЗdEb0'","70ab24dccb8ebf4ced2bab0b85d7b5ffec38986ac08a4fed0f910cbb69fab972"
"_archive/image/jobcron/especificaciones cron.pdf","especificaciones cron.pdf",".pdf","_archive/image/jobcron","Archive","asset","8755754","archive_reference","P3","< @ah($J08,@ px	PSN$4H	$$P5uա	$ IOZƔMbw)JfHzHQH\\Fsc|01)U	%ҞAQ[W+	YP/vvd/$YCH-_FR['o<IMz9OKjDJAa@NvgJN`1KG{ږ`<mãaBF98aU038Mల)ayk'x|0Jh gI|?+>\\'SlKNDrj{&xuMIC	uL;Yf^4Q#_+7hv4_+ӫL76jmgCn􆃕ǑCgMΛS/xQhX]?nxXUuIIB0NL^M'gįůomL.}|akzӻO3ks__6w \\2efuyv:fzMlzAjzh`lrPM9gX6`KHxS$UHpHP!iېM ՖAqˀ6^^%=C t_;x=m]/ZKE5Ǖy9܂'켂,f","610451b6f53c3654f24e252732bdd24858a7b4809e98006add1d0c0b8677ce52"
"_archive/image/teno-telec/file_00000000132c722f8a268e9d7a9c7489.png","file_00000000132c722f8a268e9d7a9c7489.png",".png","_archive/image/teno-telec","Archive","asset","1629853","archive_reference","P3","M0	,d^jQӬ߽Cҹ""&Nw""88\\) l߹_UW\\})\\Jh? N΀$Z5@fPD""ufgkvR^JbR;dD$I$H`KĂ136v%ӣ;","d9b70695bc52eb6324e81d99255ab9ea9ec8a34c9ce259412dff5fe619ade2b5"
"_archive/image/teno-telec/file_00000000333071f5a3aadfa4b061ff17.png","file_00000000333071f5a3aadfa4b061ff17.png",".png","_archive/image/teno-telec","Archive","asset","2024178","archive_reference","P3","ͨ]J鳃{jʋל×Քy$v8Np[f`XdYAEA~% 	1pr'2 v/N+O&} b.Mo4-d0jP6KhCfBE:ތjT(j*3#D^$&-AJ!|XrF	fC>Xv: )>6n0۠@emKfJZD=G1L]ؔ_' `Lk""ك;!wpÚ哄gDtNflDזSql&⍦M:`$:","c8d05f3b44c7ce71ce000d66485dfede66a1ffc1f16e06732f9e3af495f62242"
"_archive/image/teno-telec/file_00000000511871f58d80d5b054267240.png","file_00000000511871f58d80d5b054267240.png",".png","_archive/image/teno-telec","Archive","asset","2000702","archive_reference","P3","([j^sjQ-Q\\(O""qRCP͵-)d@.6-LRbJ|m/ǦK0j-TaE5bt#TRp) _u7]77݅Р(5tdp","711d99617aee2feb787c4aa76b87a376a40b5213b9584a1ddb83c777ccf955aa"
"_archive/image/teno-telec/file_0000000071347230b7aa1832c9edd39c.png","file_0000000071347230b7aa1832c9edd39c.png",".png","_archive/image/teno-telec","Archive","asset","2072993","archive_reference","P3","ƪ@[>/^eP~+ߨL}llB6pѥ\\$[y~,?HG?}'G rb|KryDFcZBhw=[n(72P1:7~bSaY%Vh˝~V	z""J3	4/*zm[t,tuHBwdT""Wӛ}ʳ1k*|,{ZwK#A>h2{ȼKn]9C[j9gC?:( xD mt5J혔M2u3sL6SDSAnI}jTƏY#vQWPp@ѭQ-jkLԆҙL>*$gy_~!ݪ$^=?䅀ɏR7Z%$(T^Z:g>Wv(@9$bf<ɇAPrS=x7q9~yjd:I{UH l_ўHZ/F.""bGVMm\\jS4}bb?h*]9CEXN^1XNq}	],P:tㄗtrq3;[FAlGrK5- C{GO#pU1cyZ6ճ3a","463f92372e5169098df753afe3b1070ccdb15e5c742f10bce65e41435ec6d946"
"_archive/image/teno-telec/file_000000009ccc71fdaf1fb1e7df41f5d6 (1).png","file_000000009ccc71fdaf1fb1e7df41f5d6 (1).png",".png","_archive/image/teno-telec","Archive","asset","1668183","archive_reference","P3","l9$;dcy]6J3c9/6&_:t=""HS0. =?#̥_\\:shol{僋e`PJd1U]rOyx``5tѠé1@R<Qi5X=g>-⥮~k֭`Pe	TU5˭rG~񈿞u;ӀD$[Tc+\\$P?Ɂ\\>w6TY\\hd*IvYW١*w~j7%"" y^ѱAvyO9Ĕ4v2J֬)`%az紛x6n树dB@|87sdtlu?>?O/*","2ec8f2faf80aca258af8ab477140e6de8fa5532a036567153c43ac30f93f8fc0"
"_archive/image/teno-telec/file_000000009ccc71fdaf1fb1e7df41f5d6.png","file_000000009ccc71fdaf1fb1e7df41f5d6.png",".png","_archive/image/teno-telec","Archive","asset","1668183","archive_reference","P3","l9$;dcy]6J3c9/6&_:t=""HS0. =?#̥_\\:shol{僋e`PJd1U]rOyx``5tѠé1@R<Qi5X=g>-⥮~k֭`Pe	TU5˭rG~񈿞u;ӀD$[Tc+\\$P?Ɂ\\>w6TY\\hd*IvYW١*w~j7%"" y^ѱAvyO9Ĕ4v2J֬)`%az紛x6n树dB@|87sdtlu?>?O/*","2ec8f2faf80aca258af8ab477140e6de8fa5532a036567153c43ac30f93f8fc0"
"_archive/image/teno-telec/file_00000000c24071f59b68da00a7774721.png","file_00000000c24071f59b68da00a7774721.png",".png","_archive/image/teno-telec","Archive","asset","1632795","archive_reference","P3","wŻ82J#!aȼT@QaXQx|=212?0ф+YgBrp<'Z+!kb> 3x;8qaEZ3D^wbڗ,?ҏKTK,Uh׀`|H-1m⊆kηY{j:U+4PHem{i`U-J`q*;WF_a|@d2KUƷ߹b-MAA,	nwʙ[ڗܰoYѫ.xϸZϻ~p4^x4J9-'noyG!Ǯ>4|R	K>Now_eK|/u&q֊JTX.^|>o];O|[_?u*E&ʂ!mվ	#^8:B+\\uY  8hL.","5c819ef092f008c6063c0ffa4defdf095da7660df12d88d51d2f274329ca66c6"
"_archive/image/teno-telec/file_00000000d38c722fb071b1a45e736729.png","file_00000000d38c722fb071b1a45e736729.png",".png","_archive/image/teno-telec","Archive","asset","1742465","archive_reference","P3","%BD};Ķ&DgT.0~kj'N֘	t0'/?ᗿ?Ǿ??,Gs?<˗<gmYPO*^H!lgg{|.YB(UB]8l匲5rtFX5U֒x`#W:a$%""*>]$dZ4Nxm4Kl;@ks8Թ&-ݷY۟9QF'p]W3|ǟ}ocˏ?|Y?]r.͋8ds$h(0 [^!iȅ&*vcڍhEvUU6Z._2T)_aJn)y`- ڳ2)eڹ&UKBM{8gQKDoIҸO[tY|$(ZƮ>ui5)A:b}խlхPܟSƨO""ʡ|[ b<<.⠚W>Èvr	`""vN5d4lJc%ƙE2Ĉ3+$=s""[JMڠQ_׺;t/~a#k6n>?8ms4.lGzדD$wM3]n+J'uL(̞{XQqY\\F9H/L$5怗G;}]RKؘFKV㕨-q6'\\L7""i|]v'%U2٥""ʘy>	AN uP2} _YBWN{DqLan[壣F;i`_W}4 uQ(w+^zt{^kd1nINJ̋Y5ZOXK9 n  v˙6Ir'\\TΠHO.q Uu嬭&VsC,`_TP(\\VES$nʈ y@;UYI~<bl19ܛʺG8z|ޡº""0PHx	Bje7^$OHa;h%8ryiBM?/woai*,Ff;~{8WsߟEL@","5f04de5e1deb602de9299089c80524478bd0e7e67a73d6d1f62a49ebfd607f14"
"_archive/image/teno-telec/file_00000000d7e471f59205922c11f75c11.png","file_00000000d7e471f59205922c11f75c11.png",".png","_archive/image/teno-telec","Archive","asset","1062971","archive_reference","P3","U38w:","99a2bf1141110c0ccd7082889236fe87f2f9f224a22660f8c68a714ebc5bd68b"
"_meta/api_documentation_report.md","api_documentation_report.md",".md","_meta","Meta","markdown","877","active","P3","Reporte de documentacion API","4694006d2d6cd587f27cd3353176c6288ece9d1e0a9aacc8eadf790f50e329b6"
"_meta/archive_report.md","archive_report.md",".md","_meta","Meta","markdown","347","archive_reference","P3","Reporte de archivo","f60b1b8c164618fac1b2e1c3fc17bd4e9e3370c523079efc4ea624e9a944a3d1"
"_meta/business_documentation_report.md","business_documentation_report.md",".md","_meta","Meta","markdown","644","active","P3","Reporte de documentacion por proyecto","d33e961c938b4cbdc2392dd0a8195f8bba684a6b27b91ec9e98140a8ddf1f61e"
"_meta/cleanup_report.md","cleanup_report.md",".md","_meta","Meta","markdown","357","active","P3","Reporte de limpieza documental","365748b54de4f558a9799512ed5500cef979e0749b5a157ec595843964c5371f"
"_meta/codex_execution_plan.md","codex_execution_plan.md",".md","_meta","Meta","markdown","678","future_or_pending","P2","Plan de ejecucion documental para Codex","d41b4c9f251ff007c8dd3138b68d92190f751838ca00bd2aa682a1ff29f95868"
"_meta/core_vs_business_report.md","core_vs_business_report.md",".md","_meta","Meta","markdown","800","active","P3","Reporte Core vs Business","835da90847060777f6911ff07405c31ea570d79664e0535341f44c5dff62bfce"
"_meta/database_documentation_report.md","database_documentation_report.md",".md","_meta","Meta","markdown","545","future_or_pending","P2","Reporte de documentacion de base de datos","4a153026d4625bbd24d9a4739c1ca96accef4697732a27762481ff8979c1bec4"
"_meta/delete_candidates.md","delete_candidates.md",".md","_meta","Meta","markdown","214","active","P3","Candidatos de eliminacion","0935780ee6d0566d5a5fd1c2eeff26f6ee4dbb8668107d66ff3ae5bf17f3fa2e"
"_meta/document-relations.md","document-relations.md",".md","_meta","Meta","markdown","36486","active","P3","Relaciones documentales","e8c99389623fcc7a08e6fa7c4309dbe77337292e5f1d7684e2314a0256f133fd"
"_meta/document_classification.json","document_classification.json",".json","_meta","Meta","data","120053","active","P3","Document Classification","e7fd4a59ee3d96fd704e63b7313f6e1016e45e0c051b6ebe2c2f4d2ee43c8333"
"_meta/document_classification.md","document_classification.md",".md","_meta","Meta","markdown","66381","active","P3","Clasificacion documental","1c3108d3b0fd1f6516e29f8d791f07db8a5dc7076014286106db4753180677ab"
"_meta/document_inventory.csv","document_inventory.csv",".csv","_meta","Meta","data","62344","active","P3","Document Inventory","dde218316bfa1fc2e70e087ac752d92bd53829b914e29efdc605f9effa5b63ae"
"_meta/document_inventory.json","document_inventory.json",".json","_meta","Meta","data","163147","active","P3","Document Inventory","45a71fc7d5cd5f0f47ff09db47fc8ee5c65c5ffed240f5bd2237f8ed5c570d67"
"_meta/document_inventory.md","document_inventory.md",".md","_meta","Meta","markdown","34124","archive_reference","P3","Inventario documental","a9ffdc9443394611cb67eb71d8359c65fbc2b9e681080c4d3696cbcbfefb03b9"
"_meta/duplicate_clusters.json","duplicate_clusters.json",".json","_meta","Meta","data","2603","archive_reference","P3","Duplicate Clusters","7f4f861354e4c60c61f7245804c60325119bb1280bf659984c134d0402aa21be"
"_meta/duplicate_report.md","duplicate_report.md",".md","_meta","Meta","markdown","2172","archive_reference","P3","Reporte de duplicados","2e6a8b2b1d12e001e1d9a048a583d76c5779a48759716f16a07d28b944d477bc"
"_meta/final_review_report.md","final_review_report.md",".md","_meta","Meta","markdown","692","future_or_pending","P2","Revision final documental","dbab8c1d1677771646e6b0af99f1b2bc38a82d7e9f03ecfa53e222b0f87d2f63"
"_meta/folder_rules.md","folder_rules.md",".md","_meta","Meta","markdown","852","archive_reference","P3","Reglas de carpetas","2eb79f840267e26239dd6a60415cbeccd799e693c8cb7ce38db9dac0b7cb44d3"
"_meta/frontend_documentation_report.md","frontend_documentation_report.md",".md","_meta","Meta","markdown","519","active","P3","Reporte de documentacion frontend","7748f34ae71fce698c445da7e77c0a879acc1419a995299f58fb80f390086938"
"_meta/master-index.md","master-index.md",".md","_meta","Meta","markdown","57174","archive_reference","P3","Indice maestro documental","4a9ed9226244c73ad5eb73529b21ece6ba5eda9b0c7351fe276af43d0948de62"
"_meta/master-index.yaml","master-index.yaml",".yaml","_meta","Meta","data","44390","archive_reference","P3","Master Index","cf41e9caf3d4426cf30d6233aaef9925a1acedf9acfb8acf50781883ea7d9dbd"
"_meta/navigation-map.md","navigation-map.md",".md","_meta","Meta","markdown","408","archive_reference","P3","Mapa de navegacion documental","af2e161d035b24dac4a9aeea96a5db890f8e0b5a3047dc05394fb9941331a070"
"_meta/owners.md","owners.md",".md","_meta","Meta","markdown","347","archive_reference","P3","Owners documentales","5745d887794d9a756c5a5905228105bb3ffb4abeada4864a75c26584a697f8d0"
"_meta/proposed_structure.md","proposed_structure.md",".md","_meta","Meta","markdown","1077","archive_reference","P3","Estructura documental propuesta","be65e1cf2e569a0e283d89b450ab5b9ed1a29c2c89bad2eddf0031dcc4c72ec3"
"_meta/quality_gate_report.md","quality_gate_report.md",".md","_meta","Meta","markdown","791","active","P3","Quality gate documental","6b5f8d96963cbe2d532d1739deb980738030e1ab66c3e8d8746585aacfcc0c87"
"agents/AGENTS-000.md","AGENTS-000.md",".md","agents","Agents","markdown","3729","future_or_pending","P2","Agents para Optimizar la Documentación del Proyecto","51bcad31bd8620758ae46694f284876f72200321144c0cf2091b1e3231f99ce6"
"agents/AGENTS-001.md","AGENTS-001.md",".md","agents","Agents","markdown","1586","active","P3","01_zip_inventory_agent.md","136c089a579fae81a95de207864828f98ba6cde3d6fcedb9be3fec0e2e4b3212"
"agents/AGENTS-002.md","AGENTS-002.md",".md","agents","Agents","markdown","1929","archive_reference","P3","02_document_classifier_agent.md","c1bbe453c1a5588a7890e73663e323ad8fc8a8b05eecbf0f873b387425bbaace"
"agents/AGENTS-003.md","AGENTS-003.md",".md","agents","Agents","markdown","1396","archive_reference","P3","03_structure_architect_agent.md","bb3f32bf3e006a49a643e6335f0164b65a90d7dfa46f5fa1e2e20479790883ad"
"agents/AGENTS-004.md","AGENTS-004.md",".md","agents","Agents","markdown","1162","active","P3","04_duplicate_detector_agent.md","78ba46d44aad20767b121a71b9c38971e215ee72a7b2d51b76d8ee4cbb3839de"
"agents/AGENTS-005.md","AGENTS-005.md",".md","agents","Agents","markdown","1389","active","P3","05_canonical_document_agent.md","0c13ff8acbd431b34898b286384f3261fc4c5cecd1e3b7b8c813f9c41d46c422"
"agents/AGENTS-006.md","AGENTS-006.md",".md","agents","Agents","markdown","1370","active","P3","06_core_vs_business_agent.md","e026d65f9a98072a53dee785d57d7bfc44db53000ea5fca72cd802ee0f3c09bf"
"agents/AGENTS-007.md","AGENTS-007.md",".md","agents","Agents","markdown","1980","active","P3","07_business_documentation_agent.md","f7ec5f5f9d0d841a42bb50fdcf3dddd71d05cbe0992b42213d623a1e69222718"
"agents/AGENTS-008.md","AGENTS-008.md",".md","agents","Agents","markdown","1278","active","P3","08_api_documentation_agent.md","f80f0bab16be7c250d0b11a3582ae7a3e1db0a8b5972f819c86c0e143aec7668"
"agents/AGENTS-009.md","AGENTS-009.md",".md","agents","Agents","markdown","1168","active","P3","09_database_documentation_agent.md","08dd9d512ecd3b5d39a6cac2167ffcb7cea1c9c27d8dd1fec08aa7e5ecdeddac"
"agents/AGENTS-010.md","AGENTS-010.md",".md","agents","Agents","markdown","1418","active","P3","10_frontend_documentation_agent.md","c1a778b7d877583a7573ce1f64185dee5f8cc58c0f729095a0ebc3df924a7036"
"agents/AGENTS-011.md","AGENTS-011.md",".md","agents","Agents","markdown","1316","active","P3","11_etl_jobs_documentation_agent.md","fc65ea74a23b1811dcb4dea89a8601a207e18196a24f75224f30926199569260"
"agents/AGENTS-012.md","AGENTS-012.md",".md","agents","Agents","markdown","1415","active","P3","12_events_scheduler_agent.md","88e9237e21d797acb606561b7fd2c9d86172c47b8bb80d7aaeccfa165c6913a7"
"agents/AGENTS-013.md","AGENTS-013.md",".md","agents","Agents","markdown","1306","active","P3","13_security_auth_permissions_agent.md","40db2b7e216c397f3ef205eea20bbf1e24f6cced212ecc38ea321374ca541790"
"agents/AGENTS-014.md","AGENTS-014.md",".md","agents","Agents","markdown","1258","active","P3","14_navigation_index_agent.md","f29f698d74748a275c32d18be0fca29c4698f6d1f48f42fa244a6789766609df"
"agents/AGENTS-015.md","AGENTS-015.md",".md","agents","Agents","markdown","1032","archive_reference","P3","15_cleanup_archive_agent.md","fdc9538ce7c9453a73b6573b6049d894ec008ae80c183a73fd5525dd6d1b3d5b"
"agents/AGENTS-016.md","AGENTS-016.md",".md","agents","Agents","markdown","895","template","P3","16_template_standardizer_agent.md","1d982fd03b9dd00d7c211a7aaf8456b9fc93c5bf8f173533b7532e4b037cb98a"
"agents/AGENTS-017.md","AGENTS-017.md",".md","agents","Agents","markdown","1254","active","P3","17_quality_gate_agent.md","103fc88981b70bff816e5d1115cc54be8c7bf5a71ace25f04263f0a622342f05"
"agents/AGENTS-018.md","AGENTS-018.md",".md","agents","Agents","markdown","1030","active","P3","18_codex_execution_plan_agent.md","2bfba17ba7c92239f290abab64c1dbbc0b67050418eaf4e25428b150e125446a"
"agents/AGENTS-019.md","AGENTS-019.md",".md","agents","Agents","markdown","1016","active","P3","19_final_review_agent.md","fbb79f04be402bbcff827c859a8ef009de8475795bc736ab88832505f8099db3"
"agents/AGENTS-020.md","AGENTS-020.md",".md","agents","Agents","markdown","5538","active","P3","20_documentation_maintenance_agent.md","fe75e9cc241f030f4e68294e1de005349610fc674cc2887464d0e4c60b5e3193"
"agents/AGENTS-021.md","AGENTS-021.md",".md","agents","Agents","markdown","1219","active","P3","Agents 021","23b79e0b7d722f6765ad846f72d1e956a01e985231a26e3e91b86d3372bfff0a"
"agents/AGENTS-022.md","AGENTS-022.md",".md","agents","Agents","markdown","0","active","P3","Agents 022","e3b0c44298fc1c149afbf4c8996fb92427ae41e4649b934ca495991b7852b855"
"agents/AGENTS-023.md","AGENTS-023.md",".md","agents","Agents","markdown","0","active","P3","Agents 023","e3b0c44298fc1c149afbf4c8996fb92427ae41e4649b934ca495991b7852b855"
"agents/AGENTS-024.md","AGENTS-024.md",".md","agents","Agents","markdown","0","active","P3","Agents 024","e3b0c44298fc1c149afbf4c8996fb92427ae41e4649b934ca495991b7852b855"
"agents/AGENTS-025.md","AGENTS-025.md",".md","agents","Agents","markdown","0","active","P3","Agents 025","e3b0c44298fc1c149afbf4c8996fb92427ae41e4649b934ca495991b7852b855"
"agents/AGENTS-026.md","AGENTS-026.md",".md","agents","Agents","markdown","0","active","P3","Agents 026","e3b0c44298fc1c149afbf4c8996fb92427ae41e4649b934ca495991b7852b855"
"agents/AGENTS-027.md","AGENTS-027.md",".md","agents","Agents","markdown","0","active","P3","Agents 027","e3b0c44298fc1c149afbf4c8996fb92427ae41e4649b934ca495991b7852b855"
"agents/AGENTS-028.md","AGENTS-028.md",".md","agents","Agents","markdown","0","active","P3","Agents 028","e3b0c44298fc1c149afbf4c8996fb92427ae41e4649b934ca495991b7852b855"
"agents/AGENTS-029.md","AGENTS-029.md",".md","agents","Agents","markdown","0","active","P3","Agents 029","e3b0c44298fc1c149afbf4c8996fb92427ae41e4649b934ca495991b7852b855"
"agents/AGENTS-030.md","AGENTS-030.md",".md","agents","Agents","markdown","0","active","P3","Agents 030","e3b0c44298fc1c149afbf4c8996fb92427ae41e4649b934ca495991b7852b855"
"agents/EXECUTION_REPORT.md","EXECUTION_REPORT.md",".md","agents","Agents","markdown","6652","active","P3","Reporte de ejecucion de Agents documentales","c600dd745f5704f4739392fe3c68777f6d8aecc1dc958e73a6bf86f2e7559073"
"agents/RUN_AGENTS_INSTRUCTIONS.md","RUN_AGENTS_INSTRUCTIONS.md",".md","agents","Agents","markdown","1869","active","P3","Instrucciones para correr agents","a3a72bc59b0719a57bb19a4446b56cde342f4c7bd1f887fc3bae10301ef1094f"
"pendientes/pendientes.md","pendientes.md",".md","pendientes","Future","markdown","8487","future_or_pending","P2","Lo que actualmente YA tienes parcialmente cubierto","03ffc301be16c4cdebcfa0fbb59a4e423a1fcb3e8455a2e6f2f90e098d774050"
"README.md","README.md",".md",".","Other","markdown","4820","active","P3","Documentacion del proyecto","41423c79eb99eea8a2b5ebeadd329999a5178e52a1b3bc9b74084a3fe6ccb044"
"tecnotelec-ui/pdf_image_01.jpg","pdf_image_01.jpg",".jpg","tecnotelec-ui","Other","asset","168737","active","P3","Pdf Image 01","95ee8eb104fb0f6cbd74aff8b856068bb2163064334422055e3d3489bfd6cb1b"
"tecnotelec-ui/pdf_image_02.jpg","pdf_image_02.jpg",".jpg","tecnotelec-ui","Other","asset","184430","active","P3","Pdf Image 02","0d3e2b721a039544333895bc233c3354ea2438e909a99b1f81f4def8796179d6"
"tecnotelec-ui/pdf_image_03.jpg","pdf_image_03.jpg",".jpg","tecnotelec-ui","Other","asset","36360","active","P3","Pdf Image 03","d547582a837b870a6c620a6d19eaec8e787f3602e2a1b6361c15586ce6580474"
"tecnotelec-ui/pdf_image_04.jpg","pdf_image_04.jpg",".jpg","tecnotelec-ui","Other","asset","177118","active","P3","Pdf Image 04","d6b008237f0246f08836013966c8179ce4845ec800de92073f568d42072805f6"
"tecnotelec-ui/pdf_image_05.jpg","pdf_image_05.jpg",".jpg","tecnotelec-ui","Other","asset","177118","active","P3","Pdf Image 05","d6b008237f0246f08836013966c8179ce4845ec800de92073f568d42072805f6"
"tecnotelec-ui/pdf_image_06.jpg","pdf_image_06.jpg",".jpg","tecnotelec-ui","Other","asset","55417","active","P3","Pdf Image 06","1035f2820cd33d3fa34e015f1b9671955983e724af0cdbbfb11098c591c5d346"
"tecnotelec-ui/pdf_image_07.jpg","pdf_image_07.jpg",".jpg","tecnotelec-ui","Other","asset","220656","active","P3","Gp?k7-w","6e23c29aebff47853dd4ecf6ea41e3edffcbec22bab24dd0156830c4284a659f"
"tecnotelec-ui/pdf_image_08.jpg","pdf_image_08.jpg",".jpg","tecnotelec-ui","Other","asset","139646","active","P3","Pdf Image 08","af0c5ad37ad04a8636f0ea0c2115f0be709090f8917035e238e8440a9196968b"
"tecnotelec-ui/pdf_image_09.jpg","pdf_image_09.jpg",".jpg","tecnotelec-ui","Other","asset","138779","active","P3","e۽""","133e7096502171acbc67e75941812cdaefc909aa54c084522bd47881720c6bff"
"tecnotelec-ui/README.md","README.md",".md","tecnotelec-ui","Other","markdown","552","active","P3","Fuente visual Tecno Telec","28e9a714cde0a13fbbb8cfa6dabf6c244564bceef44dd6e101cbe51637922c4d"
"templates/adr-template.md","adr-template.md",".md","templates","Templates","markdown","795","archive_reference","P3","Titulo","a07e24ca3bbc0f084327c8a121112c2835f58d18c3823cd0c368f0ccd2d1034b"
"templates/api-template.md","api-template.md",".md","templates","Templates","markdown","795","archive_reference","P3","Titulo","86478e0a6452b0ea22f58ee7c99af93012600e2ef73f1a8198131c29fcf5a193"
"templates/business-template.md","business-template.md",".md","templates","Templates","markdown","800","archive_reference","P3","Titulo","4c4bd6d265b8abb4642bb7163427429b2b6d851d97206c313114b2e565131f5e"
"templates/database-template.md","database-template.md",".md","templates","Templates","markdown","800","archive_reference","P3","Titulo","d6fe95838c5c078c77b72b6412e7d59fe27c84aa522a0dca400c70eef5bf7b8d"
"templates/etl-template.md","etl-template.md",".md","templates","Templates","markdown","795","archive_reference","P3","Titulo","4cf054d52fd29e3b4d33712979b594f09cade570fe951a85f7d12c01216bcdaf"
"templates/event-template.md","event-template.md",".md","templates","Templates","markdown","797","archive_reference","P3","Titulo","422c1d96279d53b0303ce733fb34c8639be3049e025d35ec344300781ac18f6c"
"templates/frontend-template.md","frontend-template.md",".md","templates","Templates","markdown","800","archive_reference","P3","Titulo","53219fdbd684d4e33dd6b049df3dc21f193685a9444140b6456725806705e668"
"templates/overview-template.md","overview-template.md",".md","templates","Templates","markdown","800","archive_reference","P3","Titulo","0bf1c886a246217627c210b1bab97aec70b675a9155590ef25c8f862d23af851"
"templates/runbook-template.md","runbook-template.md",".md","templates","Templates","markdown","799","archive_reference","P3","Titulo","5efe481e12b5798ad520b7988a0df1efa50ddd48334e44b004f950e162c50a9f"
